,topic_1,topic_2,topic_3,topic_4,topic_5,topic_6,topic_7,topic_8,topic_9,topic_10,topic_11,topic_12
0,7.75334393958887e-309,9.300408278911845e-309,1.3405136948456646e-308,1.005368648107138e-308,1.8009799842656906e-308,1.467135783264589e-308,3.0927696255554895e-308,1.0,2.2546243104192383e-308,2.0031069677857255e-308,7.66156296555162e-309,3.71154943481851e-308
1,7.614048628752665e-309,9.1023295024202e-309,1.2998736502951033e-308,9.903225679919193e-309,1.723920505817296e-308,1.417372235708245e-308,3.203458067123841e-308,1.0,2.3676517406197133e-308,1.897927776453376e-308,7.51639776036214e-309,3.5210626558877324e-308
2,5.41156506776596e-309,7.03693857418955e-309,8.048282369349527e-309,7.39491485154243e-309,1.2127807094978494e-308,8.286189739958813e-309,1.5889390739160816e-308,2.157350297776669e-308,1.0,1.061704290483974e-308,5.752885598102207e-309,1.479649370853645e-308
3,0.015533558194627215,0.024697721165733304,0.035387464945359944,0.02709064532408022,0.04011950930001863,0.031300634348373164,0.04541671723531209,0.0594691254509753,0.025669944977485867,0.06621936488008041,0.018422969811678645,0.35299472016434397
4,0.017188031395046603,0.02070223970247924,0.03173715201353616,0.02814048105067295,0.024753246891504606,0.027684522370577135,0.6062291028406928,0.05535023072950019,0.03382980733014935,0.030698906965246103,0.017741538434818866,0.05854792386120636
5,8.735863913230522e-309,1.336736646842775e-308,1.970153136710501e-308,1.546677510676328e-308,2.0434219629885436e-308,1.7481456042230745e-308,2.9918208703483245e-308,3.727093936560224e-308,1.5080780404087157e-308,3.2673533968687424e-308,1.015822353526263e-308,1.0
6,8.65510312308156e-309,1.271505596778261e-308,1.9138909034762805e-308,1.5061105640529156e-308,1.919632815796732e-308,1.728268857806793e-308,3.386978482109802e-308,4.1317530554986995e-308,1.553200556557745e-308,2.9853736526257525e-308,9.82893214516436e-309,1.0
7,0.01726484991864535,0.6905448309132479,0.03636519704479507,0.04746461610905075,0.027191623215813643,0.02313587016100874,0.017615718014954478,0.01859232214271894,0.012827211564588187,0.030860180762732524,0.05260889592028991,0.02552868423215439
8,0.03782121895962806,0.2778662032564233,0.079514226528516,0.15775531081958216,0.0547890677220036,0.050503981436614685,0.0417993330282417,0.04208363315403432,0.028640722593715646,0.06506890807357017,0.10556700617592854,0.058590388251741884
9,7.503416532525596e-309,8.97505301702156e-309,1.3602758839037453e-308,1.158819059968397e-308,1.1758756355034434e-308,1.263433361138158e-308,1.0,3.237402595906952e-308,1.712256690064236e-308,1.454877587312363e-308,7.608982339515687e-309,2.993440991447977e-308
10,0.005391466167943369,0.005123775078703807,0.004906025421064159,0.004824780926315873,0.003517413539083888,0.004366323615068642,0.003443205665989428,0.003379059295305442,0.002934707849859953,0.0040733112506631764,0.005498932715582478,0.0036851864532623044
11,0.010621565560908696,0.014676469930020423,0.019391504041606382,0.018690171633010993,0.0075409013421495275,0.01126375118987585,0.008041899929662633,0.007577314655655348,0.005892999531724599,0.010327979988768965,0.014630927311094404,0.00919968846332822
12,0.021008221540732373,0.021014954239182943,0.037857283505022904,0.0187144941639693,0.04160411015952046,0.05461556241582657,0.01998692015900904,0.0288254207567689,0.014088776418112353,0.10098773841257662,0.01858007902829916,0.03008647367427844
13,8.360572037412525e-309,1.365322049368338e-308,1.375620325211591e-308,1.031982409855011e-308,1.0,1.450090252527495e-308,1.141576755487552e-308,1.735924788175003e-308,1.1632645819488326e-308,2.7424954436444985e-308,1.00430601254838e-308,1.798691727127115e-308
14,0.016388177964999806,0.017576713576518927,0.028886680130648636,0.015289224692534272,0.03927017077927884,0.03807697100541555,0.016546762334732533,0.024555921124227484,0.011804009048212973,0.0797543177182423,0.015206234482008368,0.0253267073934309
15,0.0054359080593023665,0.005208561176216425,0.004986412787905582,0.004915017533068275,0.0035606912974832697,0.004421893336793615,0.003493535657310342,0.003424705791911784,0.0029731816942364805,0.004126916638091635,0.005580895789328168,0.003738210863924933
16,0.023943809365243568,0.01729855767983709,0.06189091731487422,0.019214518258543343,0.02139230438667564,0.5581245779077735,0.01922077563786321,0.0219772161776193,0.012305061816749603,0.056164279345770424,0.016905021818670044,0.025285276516597704
17,1.753570262860164e-308,1.0974032398159996e-308,3.048683735589868e-308,1.1831519294792304e-308,1.4386219891109186e-308,1.0,1.2729651719820346e-308,1.4951391794142813e-308,8.456836553573854e-309,3.3055347284480696e-308,1.085031798802848e-308,1.597178704767079e-308
18,0.015139305758827888,0.02197327373307204,0.0322752217172787,0.027979779358571228,0.030076752847980916,0.0277536833400621,0.09549009306298231,0.07725013144110898,0.029027099316353056,0.0407708994586352,0.01722221352715967,0.2570414938933048
19,7.161124684697894e-309,8.471303764597306e-309,1.2629590935397936e-308,1.1041031104630317e-308,1.07217606668233e-308,1.1603278391127817e-308,1.0,2.619062554190574e-308,1.6116170552638975e-308,1.2994439858183484e-308,7.250950116343824e-309,2.4783887085245876e-308
20,0.5191645294497356,0.021715018875881086,0.04057346647889567,0.021126875515651903,0.019424229928739434,0.04094056315540521,0.016632361148173486,0.017916639870529733,0.012214330715709612,0.0290114256502068,0.025507540417502136,0.019437639851860148
21,0.013212137178625476,0.019431457750858062,0.02833708202456198,0.024594224088389117,0.026736255853941474,0.024333903725855963,0.07477723691434682,0.06455158022303353,0.027456089170047583,0.036493312803240655,0.015140489986447866,0.2818819843270598
22,1.4457193285589677e-308,1.8063282050527583e-308,1.0,2.590621556781652e-308,1.4508050541043686e-308,3.058428594132814e-308,1.4508178465693693e-308,1.4586032404259514e-308,8.408298565646167e-309,2.943285937326399e-308,1.71213018095466e-308,2.0551126498997946e-308
23,0.007861749148170257,0.020654115078544637,0.02143303849121645,0.7926353242971895,0.009484247947067355,0.010852323942743044,0.009970426424437878,0.00919246723882521,0.00650726827975864,0.012466544610756051,0.015018389516695324,0.012712996758034776
24,9.388953148782845e-309,2.567340788569239e-308,2.75961171928562e-308,1.0,1.1368441276834573e-308,1.3223799782441305e-308,1.1287185538031333e-308,1.0642780086475795e-308,7.387871296404426e-309,1.537889343727075e-308,1.8901861400132316e-308,1.5017074640729926e-308
25,0.09329510561969212,0.02331020711479402,0.05880343306038166,0.02353994689959002,0.021453166687128735,0.05755079872761962,0.018317983594168225,0.019933734885994828,0.011762259308562902,0.03617848506690479,0.02712092234670593,0.022265140731307777
26,0.044176356275392535,0.025359883782776472,0.09371346890123987,0.027478589912387448,0.0287153614400449,0.23713221559601427,0.02403647446086221,0.02698740206925148,0.016134027159245706,0.06570098175327227,0.02642444805190586,0.030864596473371017
27,0.015301108445834427,0.03853456476660751,0.04179758089653021,0.16411883900686688,0.022004438604065195,0.022515934721393162,0.023397402446266678,0.021571875381240255,0.013421776287288344,0.02894042277455052,0.027008033529734774,0.03200410533888092
28,0.010796670761178202,0.026246012629463935,0.030283711429231107,0.12498070350095482,0.015356966479829391,0.016024483263901997,0.01656908442990746,0.015160479069782138,0.009413005296073652,0.02036722794712239,0.018815681732826234,0.02244702839415769
29,0.015500988195887497,0.021767816683538287,0.03613345925337148,0.019213468795564133,0.048971562894046694,0.040188428038663467,0.019892875314604607,0.02873017578713056,0.013947966948464252,0.6695908954233555,0.017210144783991122,0.037394399441254625
30,0.015712640691533223,0.038458654024056585,0.04556958386511893,0.252135245831445,0.021693482655800466,0.023225104265534396,0.023544611933252076,0.021527474430125617,0.0149785168227362,0.028967983687805766,0.02789585885098341,0.03158370069830757
31,0.3635679858756733,0.03490884833804461,0.056871895350146084,0.032179613962217114,0.02933776912471731,0.053498868279538474,0.024165977551401353,0.02604764088463699,0.0181507755164893,0.04151229097786539,0.04237475838731665,0.02843081706454849
32,0.024902593372499192,0.08718601521575703,0.06664266469087954,0.20217706208040317,0.030197018015911778,0.03426653085364627,0.026218698574480438,0.025777114335116705,0.01789590739060296,0.040583408041918345,0.06155270764585528,0.03626291064965964
33,0.02890235400010613,0.09643206012169216,0.07843594418019069,0.13267407900338635,0.03530517447862128,0.040605186745325095,0.028305505988063407,0.028604621364006967,0.019526866476602574,0.04934205449718456,0.07500096706449103,0.04052781694706012
34,0.02818288569878718,0.10045131468350746,0.07415452907932751,0.1428259354502296,0.033916854572231064,0.03888884905552306,0.02766930352995991,0.027773907876709462,0.019107396798635833,0.04657118537075305,0.0750601809227661,0.0390602878283001
35,0.021816468249761103,0.04038029361742917,0.039332684023554276,0.030276467667066157,0.40688036269078,0.039077434789021696,0.031926851446579314,0.046872554924117266,0.030432312824113926,0.08209445248437139,0.02808689147482277,0.055431458509549364
36,0.010969590593229231,0.014466897026490119,0.021571082966873135,0.016608847583433357,0.024456202379224308,0.02152878163576734,0.0570169500597111,0.11580099731727012,0.022533176900064192,0.032611015011657016,0.011585513405345317,0.12913124943052892
37,0.011505640060131732,0.020140649131735994,0.019821386822493722,0.01490035851185224,0.606335415726276,0.020213743879213323,0.01573649545413838,0.023310752831187484,0.01539274240962101,0.040508799182075915,0.014390363306043437,0.025839218740783355
38,0.021632144715332403,0.04525041747807826,0.0888677179834792,0.0703804317067631,0.025200284688144566,0.03456412875533542,0.02182541057812356,0.022018440519293917,0.012619739923291707,0.041433410178162586,0.038993608903583846,0.03216221795564153
39,0.010965408367296885,0.015823364757101152,0.02328571626341343,0.020146479524805465,0.02169767331620856,0.020092354625234305,0.07083117714622537,0.056709827827259675,0.02108890131123244,0.02934240999424977,0.012429340146123508,0.17487360318915968
40,0.011259458343532714,0.019043552789930897,0.023969668648455896,0.019189601655232705,0.03628160163272868,0.02164361019448473,0.027256882385312788,0.03891273761428555,0.017915030120100248,0.047843570278330964,0.013783163426940897,0.09080382626286625
41,7.786876478494096e-309,9.631005570776313e-309,1.460759652716408e-308,1.2286672094146364e-308,1.3108105933682906e-308,1.3585530690867617e-308,1.0,4.1452723464955926e-308,1.810212894293406e-308,1.6537341645656327e-308,8.03028085263009e-309,3.9053724790135136e-308
42,0.00581335404398524,0.007431734238218971,0.008754970636420185,0.007931069151130827,0.012766727823205103,0.009056413106619858,0.018699473212717473,0.026128137320238116,0.8384803689204968,0.011553610666724895,0.00609898570665729,0.016687427042836277
43,5.519444889718105e-309,7.12029114077441e-309,8.29009897060525e-309,7.559912329102086e-309,1.224744402781177e-308,8.55048974056222e-309,1.723123722558869e-308,2.3802764226638845e-308,1.0,1.0949489150358127e-308,5.82916116603282e-309,1.565240005476399e-308
44,7.00008906582291e-309,8.29092913208996e-309,1.226329610046985e-308,1.088834992455171e-308,1.0279799448739296e-308,1.114196013693842e-308,1.0,2.3747647203076336e-308,1.5431676834511644e-308,1.237372330263825e-308,7.118843680548322e-309,2.3015348543668276e-308
45,0.010785033183714333,0.013838962790223298,0.02101814443106076,0.017419791888107432,0.019517151803156923,0.019574269151571358,0.17238502449367746,0.06966873808351391,0.022691067042804727,0.025406381072894963,0.01133988029775922,0.07405126838563317
46,0.01622403739667735,0.02254816811752454,0.033531369644560126,0.028382984957665475,0.031753970189712474,0.02992272905407034,0.12237871837413844,0.09351938789456347,0.03459931652017476,0.04262716668523407,0.01793360987566526,0.20365598488419426
47,0.013479860507056502,0.01708028311283494,0.01976942463637045,0.018113243807311497,0.028657096614969697,0.020469067139390798,0.03980994413257585,0.05216407849187358,0.6875154557685914,0.025618002752509726,0.014109473521800552,0.03545360662133011
48,7.65066249655404e-309,9.28210975131429e-309,1.4035191286392616e-308,1.1856300436791116e-308,1.249601965914544e-308,1.313652940400185e-308,1.0,3.76550864083389e-308,1.7971717517806684e-308,1.5562203433327027e-308,7.803753707352875e-309,3.407006143509297e-308
49,0.0093522107749774,0.023241739968592162,0.026926411105552047,0.6630521079055198,0.01218210745418634,0.013482434814500757,0.013052186578170687,0.011971037608198957,0.008375993745008872,0.016218207974182653,0.017102608307202706,0.017127106528418288
50,0.018471603762996825,0.0234936163728336,0.057428285580563655,0.022227367967444043,0.03574984572163824,0.058168380914663476,0.02033740456686525,0.026168413298108713,0.013177041936218653,0.6283267239014252,0.01968630624643366,0.03557541175421258
51,0.01238310650658787,0.020583060109021348,0.027916890781043306,0.02153899185281221,0.03537881956392683,0.024614577222264573,0.0327115415686287,0.044190835009169226,0.018236817687143327,0.05623935251244363,0.015044337419974563,0.14275373851464493
52,7.666962349400716e-309,9.203641101378226e-309,1.3170661479172783e-308,9.980982810537914e-309,1.7633203785900196e-308,1.43648964385985e-308,3.152719813788579e-308,1.0,2.327755008435828e-308,1.945579306740007e-308,7.585366104582405e-309,3.622202422597926e-308
53,0.011308500912578779,0.014906586315335469,0.021491477620077082,0.019581471884708553,0.007970624138811505,0.0121924067444029,0.008638427646744717,0.008110145814471134,0.0062628204021555126,0.011048384315546758,0.014859571202216447,0.009845800258703949
54,0.011030782768292757,0.014650467469525497,0.020653832167374233,0.019155072123555814,0.007793844481725882,0.011837166079509886,0.00843926557653748,0.007921668122646199,0.006133249139509573,0.010754077431264107,0.014588381650473882,0.009606018033256959
55,0.01567044099744982,0.019990484580635237,0.03038180041894383,0.025280622482456504,0.027920054854272795,0.02819840400416988,0.32179987213550315,0.09568376196413525,0.0355203254479172,0.036120343162223345,0.01643240244876051,0.10016542077495023
56,0.008326023065633336,0.005740810468943047,0.01963573549400756,0.006295267098876384,0.007132604020972968,0.8961611918755161,0.006264870187254618,0.007211976908899752,0.004072136305722102,0.01837700895892683,0.0056560019386143415,0.00818360958730215
57,1.7054022058037753e-308,1.9825926050349995e-308,1.0,2.2039551849378577e-308,1.679942704047246e-308,3.8366112587700095e-308,1.346851317679865e-308,1.4653821880447734e-308,8.339322213900607e-309,4.0150804952589645e-308,1.93698518214704e-308,1.982831885136225e-308
58,0.006426765022501456,0.008216204286786813,0.009695564257721721,0.008773073408598597,0.014135128807737238,0.010030641585627512,0.020804612012826167,0.02922929347414862,0.7690938688896757,0.012809585778852675,0.006741039681969837,0.018560088810151254
59,0.011789791105156216,0.008643426641951854,0.017636981473474242,0.010303429150090896,0.010803031489310035,0.02538117943625134,0.016714304374563036,0.01661278588396524,0.01037793292948387,0.016726783269125,0.008291310830104575,0.01592739352224394
60,1.713964080536717e-308,1.96020800194708e-308,1.0,2.256770309977074e-308,1.61771405454121e-308,3.742969930920508e-308,1.3398612739857056e-308,1.4368352472707034e-308,8.23343629404362e-309,3.6896221764118655e-308,1.9452077304595113e-308,1.941520551003639e-308
61,0.005435191163117754,0.00520080234323883,0.0049793492746066075,0.004905975258951497,0.0035570194076210903,0.004417751381209593,0.003488677938694697,0.0034205164243669077,0.002969500003742738,0.004122550196296925,0.005574324671621463,0.0037332953049471996
62,0.1986104715419611,0.04100824000533635,0.07755518653966532,0.037544426169372445,0.038136094941254875,0.07395259771143772,0.028708876504011008,0.03212747077079248,0.021668712730092906,0.05716561229683042,0.049750384753681,0.03528339129342138
63,6.974201487193346e-309,8.26805647971031e-309,1.2210305134463694e-308,1.0872292925719725e-308,1.021814913675499e-308,1.1070597055711193e-308,1.0,2.341166080847063e-308,1.53318283516045e-308,1.2286160493536845e-308,7.101091332062535e-309,2.2785293474385393e-308
64,1.0630710094600093e-308,4.196143115858579e-308,1.7084416993072554e-308,1.6451782999384327e-308,9.82884805028843e-309,1.092462939740374e-308,7.105932930137044e-309,7.43727126718349e-309,5.687444807617694e-309,1.204394301366912e-308,1.0,9.268500078982547e-309
65,0.03308086432094689,0.1860797397985253,0.06991724469034366,0.14425497340600166,0.04981558991060588,0.044680628107218984,0.03920293405819613,0.039095127109001045,0.02686165019844212,0.05839561469320479,0.08342934830228357,0.054739139865522715
66,0.01363201267103374,0.06972815563492822,0.027670088407369647,0.054544432099701806,0.02083470885978017,0.01830457992758239,0.01644118841907236,0.01636839523531691,0.010847637669315341,0.023971284499198185,0.03297217116340516,0.02278941804646265
67,1.0,9.69049854196126e-309,1.778258074103462e-308,9.375384364393646e-309,8.92766236023453e-309,1.846517126779657e-308,7.538880573464175e-309,8.187429943948667e-309,5.591099061318457e-309,1.3185560429072276e-308,1.1367147792051103e-308,8.804675860513616e-309
68,0.20747571206269566,0.0385783583391823,0.07598336575619907,0.0360379294011798,0.037379331627013186,0.07650243394123146,0.028401815399115238,0.031921275949477565,0.021369929446514276,0.05699581831537356,0.04608115155367078,0.03478434346620407
69,1.050740147710233e-308,4.0444345882030365e-308,1.6532148167245877e-308,1.596258537279005e-308,9.733232876129774e-309,1.0718750248833135e-308,7.008100973447297e-309,7.34315929639472e-309,5.634978042798226e-309,1.1810188674306346e-308,1.0,9.11759449774332e-309
70,1.044678351601288e-308,4.538468583855226e-308,1.705503096377167e-308,1.6669136128436824e-308,9.984251641105223e-309,1.090505488915194e-308,7.151217295156453e-309,7.494924796778547e-309,5.73677189428118e-309,1.213546115271451e-308,1.0,9.37022910466727e-309
71,1.046428986114736e-308,4.98621902237537e-308,1.7647704049410315e-308,1.743583222455781e-308,1.014834909261011e-308,1.110622636905787e-308,7.28636278615938e-309,7.625706997001052e-309,5.81839523028526e-309,1.2424793481864053e-308,1.0,9.59340181709307e-309
72,1.0505653379535134e-308,4.286689094780799e-308,1.6850294205345677e-308,1.6386824611298155e-308,9.82969880687231e-309,1.0827218694066186e-308,7.084748081350377e-309,7.41725221628767e-309,5.682482286589166e-309,1.196945213999983e-308,1.0,9.243219067150644e-309
73,8.281004802434962e-309,1.2458517241491493e-308,1.803456631703252e-308,1.5248828927776574e-308,1.7838590036568733e-308,1.576539828970389e-308,3.70568197588092e-308,3.922911002877717e-308,1.6022532809081915e-308,2.563026122815285e-308,9.58054013615721e-309,1.0
74,0.2590429514582284,0.03865040529240167,0.06487564885928973,0.036159386978168694,0.031328813091096114,0.05922421808258493,0.02649130888644917,0.028227220270313637,0.01958791161220763,0.045200550623648014,0.046804224449112274,0.031121726604368898
75,5.45734354362822e-309,7.048568601629064e-309,8.137132868930183e-309,7.437934862681586e-309,1.215096458944955e-308,8.396259245569126e-309,1.640180985423281e-308,2.248674885717017e-308,1.0,1.0734549917297017e-308,5.77211761697431e-309,1.5089372172329483e-308
76,0.00813576536758615,0.009603587918897585,0.014459852985979588,0.012426261702520695,0.012400875062070847,0.013439683468637014,0.8082186921522253,0.03220018484805315,0.01845319917313956,0.015171230539250449,0.00819819934427498,0.029661459881897393
77,0.024978358758641527,0.0662652019589363,0.08306357172634546,0.09449066722486377,0.030836128099317996,0.03821477832917848,0.02527717040272906,0.025658262031000228,0.01691447914109639,0.047327648165053186,0.05255036781335169,0.03739879984861656
78,1.062248307239943e-308,4.554446330708388e-308,1.758624051032111e-308,1.7091439111404814e-308,9.990604062149226e-309,1.109485191138535e-308,7.22343566160198e-309,7.55429927488956e-309,5.76220518192258e-309,1.2301667843739817e-308,1.0,9.466095581513617e-309
79,0.010672007986837208,0.013684335318228135,0.020791041530399457,0.016980747621239124,0.019827284099750105,0.01974729927924688,0.12170626988598017,0.07431764564248408,0.022193688052163298,0.026114727015401136,0.0111851918590314,0.07613457663758966
80,9.51113086057478e-309,1.0,1.7400534987909516e-308,2.6791902531147234e-308,1.1415857674485677e-308,1.124604936721715e-308,8.589016922963283e-309,8.7046733963121e-309,6.2937017949397e-309,1.315116254532088e-308,4.116499443464026e-308,1.1378864403238827e-308
81,9.915600022096033e-309,1.0,1.914445232284407e-308,2.2064717989123643e-308,1.564567358062876e-308,1.2742649141798257e-308,9.47823836120415e-309,1.02084662358305e-308,7.134025278592394e-309,1.663808561507365e-308,3.2150536017207254e-308,1.347768551211618e-308
82,8.498361930814565e-309,1.331829410160151e-308,1.429784726675289e-308,1.0509805371268097e-308,1.0,1.5375183034637974e-308,1.224895495502583e-308,1.9498324737688037e-308,1.2282098185433276e-308,3.078144146321188e-308,9.94471336282531e-309,1.9878384482872927e-308
83,1.4148280957407623e-308,1.742463037714023e-308,4.0127519925781143e-308,1.6455578827397637e-308,2.886712375796593e-308,4.563300583581772e-308,1.6052273327002e-308,2.1342488293317173e-308,1.049419469830989e-308,1.0,1.4620320929098567e-308,2.809850462352111e-308
84,8.59819495854016e-309,1.267042655196246e-308,1.882757274828635e-308,1.4915489930710794e-308,1.9389163503901373e-308,1.7078693328350837e-308,3.3839931845817935e-308,4.209602112392392e-308,1.577337609360182e-308,2.9598495174674074e-308,9.7764539919707e-309,1.0
85,0.028786657857411403,0.09752992428504996,0.07760980097808104,0.13298029033932995,0.03530391932149564,0.04038789361837428,0.028264113921339453,0.02856275182448609,0.01952073814929149,0.04913954961394386,0.07510696897485078,0.040470021983076504
86,8.447281667172764e-309,1.31987983126762e-308,1.407734039564082e-308,1.03868138074611e-308,1.0,1.5163216591311266e-308,1.2110791147678733e-308,1.9243456016561943e-308,1.226212302205958e-308,2.9803870685009515e-308,9.867666190960465e-309,1.944303712665253e-308
87,0.018311122360570593,0.031415988579837933,0.03281508593485798,0.023626539517740963,0.4448822234491996,0.033438920863410854,0.02466657877096296,0.0366772724989457,0.02309780729201474,0.07359052896425677,0.022704410274051113,0.04184719749752026
88,0.005460969184447189,0.00524142463130398,0.005018569368868974,0.004948513400372761,0.0035782199860723025,0.004445818442101441,0.0035126869706511147,0.0034425526462761734,0.002987864790187857,0.004149092811393292,0.0056146410245027315,0.003758806197163746
89,0.0846978765018337,0.023053960118993796,0.060037508949908364,0.023265118247354433,0.021231636327067614,0.05763597596669007,0.01798623336263337,0.01961796123360968,0.011634792849412616,0.03620907999546793,0.02684940922766066,0.022004465526204452
90,0.19418722651093667,0.03611573530968426,0.06616931729844339,0.03314346296737661,0.03398853951716108,0.06489351570646879,0.02577244966984713,0.028832643390235963,0.019550257310524902,0.050087775589143346,0.04362165860733091,0.03139658117949442
91,0.0136385709728096,0.021536328685400754,0.03456980432583107,0.02108424091956383,0.037931474209855834,0.030393059585371727,0.02488814003154294,0.03433061768880997,0.01526328454814497,0.12172268963929661,0.016122887460473273,0.06727132378050345
92,0.042868972064223014,0.025221325472159294,0.09587568881869253,0.0276011542199556,0.028339281120353717,0.23016544589673157,0.024044783016923154,0.026842300188289026,0.016019374650426937,0.06515297203832325,0.026227831046018064,0.030887481513878635
93,0.011960931016010716,0.008843657557924269,0.018070321091335818,0.010511225036743961,0.011156339577943203,0.026472135003231173,0.01719735776694482,0.017271107559325444,0.010655374190101194,0.0174012516965919,0.008456086170364462,0.016531432552614227
94,0.03436565883797393,0.042692739697098255,0.3775006027190364,0.0688479927906344,0.036146399215675744,0.07037646322322628,0.044494738902492,0.041699059503646184,0.022930534413265563,0.06579240720855355,0.03925504831003017,0.05872993495087132
95,9.401843467763334e-309,1.0,1.68778834748526e-308,2.6092273339648657e-308,1.114182707850533e-308,1.1007568394418146e-308,8.454644839078624e-309,8.549505063878796e-309,6.205217268457055e-309,1.2786236207696086e-308,4.0243322850476405e-308,1.111953114127105e-308
96,0.04591455633661614,0.028548161245779163,0.10629866989879795,0.03174002126100646,0.032408323307762214,0.3241463652251364,0.028340834897745183,0.03150713795833712,0.01858335482478051,0.07606371703432864,0.029284825032030257,0.03638984352189376
97,0.3592004014343929,0.029002707644924398,0.054365734035461355,0.028250731874820245,0.025176503696584914,0.053076288321674894,0.02174539340294438,0.0232636175173896,0.015869418801879958,0.03775539809962732,0.03417530551291678,0.02543787340434862
98,0.01634028395137112,0.07519639835584091,0.032724250072973034,0.06443367492763079,0.024964375596754622,0.02175269425551522,0.020540570602330242,0.020325120245819003,0.014179919978482237,0.02844950239373218,0.037800364545755784,0.02818421043775272
99,1.449898464899222e-308,1.710448448228307e-308,1.0,2.6743879123317165e-308,1.2836841362616123e-308,2.645954784429758e-308,1.3615597455011755e-308,1.3244596332093595e-308,7.88217322345033e-309,2.335297425203309e-308,1.696844249146186e-308,1.78621895771928e-308
100,0.03303789577866298,0.04189613399756121,0.3558803895278769,0.06821490802685544,0.03537880147045087,0.06722963744579166,0.04378100061078497,0.04090355263976863,0.022480018999256227,0.06399275990674616,0.038229670225469935,0.058119193475956545
101,0.643243028545224,0.02549151288844694,0.04557961499425327,0.024206701160608243,0.023972177472622768,0.04741852031444905,0.01954798328239,0.021485837938914284,0.014708250918096051,0.03486568526174722,0.030114756604215955,0.023016801406180107
102,1.0,9.355352155122453e-309,1.647781924361494e-308,8.97437328605732e-309,8.755428921616775e-309,1.7321953807277035e-308,7.317691909274654e-309,7.98334565184828e-309,5.489906542627376e-309,1.264884990573581e-308,1.097687562654836e-308,8.51638907559195e-309
103,0.016501633818619035,0.07629352464718497,0.033076918125664316,0.06520802305226085,0.025192681515230513,0.021970906151258823,0.020712339221447378,0.020500205081170217,0.014236081806001525,0.02873452167025335,0.038252675219510916,0.028436460137151145
104,1.0,9.26187283305624e-309,1.5480957982692224e-308,8.75242479010922e-309,8.478050170104293e-309,1.586412555059228e-308,7.04042097253913e-309,7.660878425002936e-309,5.323679266243567e-309,1.196557562534166e-308,1.0952758841699104e-308,8.18053014724296e-309
105,0.23978953944931308,0.03781753138591153,0.06865197136769376,0.03481220768684867,0.03521359311232025,0.0674059293993796,0.027065927963487703,0.03014001251127242,0.020495724727929286,0.05169203343196559,0.045643729512358115,0.03278326470937706
106,0.1544695755169097,0.02758143494955216,0.06315547046103903,0.027360044005318405,0.025532153293232645,0.06353536544335406,0.021348438874645624,0.023316270988757375,0.015382672988354275,0.04153607527904065,0.03227816963304336,0.02574916807570031
107,1.0,9.26415230533495e-309,1.6194406109406164e-308,8.905560970454793e-309,8.639264870981724e-309,1.7027636857695697e-308,7.27163589140535e-309,7.912476185033583e-309,5.452107660491336e-309,1.24408597279561e-308,1.085387019296471e-308,8.43335105618779e-309
108,0.2052839240353852,0.040578059937430556,0.07711829259619529,0.03722811370345213,0.037254623931708676,0.07290810513032943,0.028298718919135532,0.03155268655172796,0.021288388710509462,0.0560081855292792,0.049272541589415984,0.034719824623287564
109,1.351824850942921e-308,1.693299070494212e-308,3.3607322118374755e-308,1.5598053060743433e-308,3.256024576954768e-308,4.042809843849288e-308,1.6172508203785313e-308,2.271439349798506e-308,1.0918845634012013e-308,1.0,1.399161491429777e-308,2.877934092538528e-308
110,7.531939039421825e-309,9.21306895028183e-309,1.299871565897386e-308,1.009674381203304e-308,1.720125765410874e-308,1.392692169505504e-308,3.407387337049923e-308,1.0,2.45117052431088e-308,1.897272224527731e-308,7.55752885357181e-309,3.7542128328997565e-308
111,0.006379357925504526,0.007725089872920613,0.011259352059017272,0.008615841577465698,0.013857070575253993,0.012039660192627791,0.031574974924085376,0.7925676116919372,0.018354802539723967,0.016230204730967538,0.006361130350026789,0.03419348836664465
112,1.4561664199379737e-308,1.691752320888481e-308,4.1643959977563594e-308,1.6200613289006366e-308,2.7384052491984424e-308,5.095347224077278e-308,1.595213287765605e-308,2.1071941175872087e-308,1.0358438602771615e-308,1.0,1.447235341208448e-308,2.705986178396317e-308
113,9.744287955211595e-309,1.0,1.883680737212105e-308,2.2317562653216924e-308,1.5720209348413867e-308,1.261763258092682e-308,9.5593810703689e-309,1.0272268052949455e-308,7.202609109590923e-309,1.6631950442167395e-308,3.0330409214439264e-308,1.362346320989723e-308
114,0.014080706803403904,0.020467933308470895,0.02534226737669623,0.01771635426915675,0.12307187573980452,0.02790889310003517,0.0232153928524143,0.04176015953555005,0.01945749335425488,0.06187026957448909,0.015750421565943862,0.04085369653958881
115,9.199108947668973e-309,2.4630869019400117e-308,2.6659823867788463e-308,1.0,1.11391869594136e-308,1.29112700064962e-308,1.1307529223576045e-308,1.0574847551560654e-308,7.37484391650183e-309,1.4962032564322293e-308,1.8103951445758104e-308,1.485503429011818e-308
116,0.016875511482304234,0.04540925792826865,0.052219184592833194,0.42878389092665475,0.021035301723997243,0.02437692630107381,0.020394148497977344,0.01942304702465414,0.013316909513578565,0.02901875264109094,0.03401486681067713,0.027937349647253605
117,7.74926966921145e-309,9.457030438050115e-309,1.378808355468764e-308,1.05266207099653e-308,1.70913574569377e-308,1.470100716796224e-308,3.7646412519058603e-308,1.0,2.1969693062883534e-308,2.010451102816134e-308,7.764065130458174e-309,4.33071253670439e-308
118,7.69586012339256e-309,9.230858542674543e-309,1.321163329880043e-308,9.961542975813353e-309,1.7923662730812543e-308,1.4459754027665463e-308,3.0588028540112397e-308,1.0,2.308182894278881e-308,1.967005933170075e-308,7.60593667045974e-309,3.600988732989809e-308
119,1.0439811113305014e-308,4.762856381908949e-308,1.7334892423333714e-308,1.700826870848441e-308,1.0100487379566175e-308,1.100651413293796e-308,7.220582232044726e-309,7.568384777972343e-309,5.784332405868873e-309,1.2299463394215465e-308,1.0,9.492050208912695e-309
120,9.07428354325841e-309,2.447800143192036e-308,2.5359261961471113e-308,1.0,1.0807882154848435e-308,1.254136996076674e-308,1.1062439511507463e-308,1.03059398401303e-308,7.24160042412005e-309,1.4360844249742714e-308,1.787094693915702e-308,1.430948945051268e-308
121,0.020215774667316014,0.11584468923337585,0.04185558824151008,0.07986286392374284,0.031588853568319454,0.027417313381264855,0.024179405905556877,0.02426622481483754,0.016147231821831233,0.036340655873234144,0.05051991126424424,0.03399195394487564
122,0.010276484891434878,0.02820272879407153,0.030708564710948325,0.6478162139521763,0.012407916240426095,0.014532197469284401,0.012159266961761764,0.011525307350351302,0.007965363885560187,0.016909918545892223,0.020912289906643296,0.016310867402353935
123,9.0578990638861e-309,2.405499658681054e-308,2.597657201358762e-308,1.0,1.1068654715063156e-308,1.271915839907625e-308,1.1366812768774104e-308,1.0581862321234267e-308,7.40208736608936e-309,1.47928294786031e-308,1.759682916077608e-308,1.486147305924526e-308
124,0.08589693228084207,0.031264573155715285,0.06907501977502627,0.028915407509968283,0.031195336413697674,0.06608798425216253,0.02235165700037608,0.0255789120924505,0.01672115784385311,0.05086339270011556,0.03710243066317525,0.028450796944821975
125,0.13180043860993723,0.026234971842211824,0.06159791966819662,0.02614930021745299,0.024249016034333666,0.06160490180428968,0.02034157067247522,0.02219485712737602,0.014599786868381535,0.03983427009519651,0.030656134870917666,0.024582711691552704
126,1.7066666686333413e-308,2.059467713050006e-308,1.0,2.298836967741246e-308,1.631862215626072e-308,3.4514827621532726e-308,1.3040050822082247e-308,1.404413353705009e-308,8.13354167340959e-309,3.6152763396525956e-308,2.056926190536683e-308,1.899535807808184e-308
127,9.673931242327333e-309,1.0,1.873740281111603e-308,2.2556325745668293e-308,1.572333811220111e-308,1.2570970386059914e-308,9.607300541873e-309,1.030415536913223e-308,7.23488782390748e-309,1.6632519370336743e-308,2.964419033235585e-308,1.3704204400948983e-308
128,0.0023653071718415437,0.0028637196804619223,0.004324926681640771,0.003654144600656004,0.003858055132819185,0.004055938182695318,0.9240137355999392,0.011620277706775841,0.005579587575566806,0.004795839109663721,0.0024092938903995612,0.010429240077628951
129,8.346452486035576e-309,1.3136199774177446e-308,1.379048629622362e-308,1.0280364069422567e-308,1.0,1.4810546437175014e-308,1.1964913439633817e-308,1.8901411457299483e-308,1.227520007217385e-308,2.84915403909975e-308,9.790771395730773e-309,1.9025624658342294e-308
130,0.027931738376074225,0.10093808786584132,0.07312828315664162,0.14547919350720764,0.03377470868220561,0.03849017178154817,0.02760276079098946,0.027677720868108793,0.019073209319001628,0.04611591258146237,0.07451976695701154,0.038931076980638024
131,0.028025422258733813,0.10063992456271793,0.07359623753304775,0.1452045044045833,0.03368027116049378,0.03859132775812996,0.027576030539327473,0.02764414063137902,0.01903955197805031,0.046120362114697624,0.07469841314995976,0.03884644477560968
132,5.421230676602904e-309,7.048871119097247e-309,8.070496013238523e-309,7.411329334991077e-309,1.215531296285032e-308,8.309452104243465e-309,1.5981906120638764e-308,2.1743917932827616e-308,1.0,1.0651685984205634e-308,5.76202000987569e-309,1.4871887922441164e-308
133,5.46108618659123e-309,6.92413289778484e-309,8.12121491237739e-309,7.394295070180447e-309,1.169243429323579e-308,8.408583224249683e-309,1.7103159070600744e-308,2.2952261366193776e-308,1.0,1.059114037531963e-308,5.708396413907365e-309,1.5038796345120265e-308
134,1.340722168531241e-308,1.653040898901534e-308,3.245563365573638e-308,1.530515620714262e-308,3.2799126973446704e-308,4.0309813536726724e-308,1.6371567278278175e-308,2.3396983406197655e-308,1.107854346918397e-308,1.0,1.368782366710455e-308,2.90698887901691e-308
135,0.016695740906869188,0.07783043703973426,0.03347149733275699,0.06591999609971357,0.025491008740740884,0.02223316435583717,0.020914716256237694,0.020712770977839048,0.01430701098756683,0.02908692063370119,0.03881176143361093,0.02874081561509187
136,0.020703522487384066,0.02135375274832141,0.037167671513683845,0.018858661263032605,0.044683554598644565,0.052095558625947724,0.0202763705990836,0.02961767643850644,0.014446906931811223,0.1039627209519153,0.018699806549029425,0.030791055278369766
137,0.018023968900716347,0.08256660309835401,0.03284533474757562,0.03115195532469395,0.01766539656144525,0.019736976295337293,0.01264223011693235,0.01325768491233366,0.009986393651689709,0.022274932635118993,0.3161141928740357,0.01686921887946013
138,0.007158770623316252,0.03631558840649688,0.0121572700674979,0.012183656824708443,0.007017118052078488,0.007643613930926546,0.00504224853585957,0.0052721987461104396,0.004024999139827314,0.008574268796253396,0.8776823016927395,0.006645270334436257
139,0.013232360073419889,0.016737563112768736,0.0250775789640661,0.018567898579864926,0.03071016968239981,0.02624714841636718,0.05716026320135856,0.21933435325432243,0.03158874277529162,0.03907721516409405,0.013551792641210068,0.10079834379703219
140,1.422257759538819e-308,1.6229915572408977e-308,1.0,2.465218770852598e-308,1.3405236314139935e-308,2.9526589782333235e-308,1.487830871447254e-308,1.4472963273132976e-308,8.33034463291717e-309,2.560286948979599e-308,1.566074812539639e-308,1.974819516889672e-308
141,0.024754534414604224,0.029350158020446278,0.05389865661246992,0.027083309732012402,0.06562419495388894,0.07204836925314223,0.03116513611753787,0.047235199082251864,0.021711234450075778,0.42600539784537966,0.024444855005402086,0.05378718133454049
142,0.09352841366325919,0.023221682776161604,0.058485533379876574,0.023425822580711374,0.021430884584543116,0.05746137601199118,0.018258286537624784,0.01988964801133573,0.011742378405655398,0.036135213192378134,0.027023440851106105,0.02220193813533527
143,0.04395938740094943,0.02631383730324335,0.09782985266599242,0.028773846379916444,0.029937125884427332,0.2847937773472743,0.025441891171210467,0.028510533028767486,0.016918289743561927,0.06981848267641978,0.027184613924344566,0.03274313400166702
144,1.941545667820505e-308,1.810955077494742e-308,1.0,2.0199892998114993e-308,1.530789995236385e-308,4.067278872761911e-308,1.258719531628181e-308,1.358700635810277e-308,7.87635566322483e-309,3.355306866554989e-308,1.913619096522814e-308,1.748400579604992e-308
145,0.01833337152215882,0.022242777085378584,0.05770425988559333,0.021330883302822668,0.03360275402259033,0.061500971876786374,0.019807176424553402,0.02544700444559133,0.012753364032321692,0.6160184176534341,0.01892328395176297,0.033958168832693925
146,5.42622362698464e-309,7.09726735306806e-309,8.092244440709513e-309,7.4425589439062e-309,1.229762118356778e-308,8.319874663939695e-309,1.588293203317287e-308,2.1687516022462043e-308,1.0,1.071364105279514e-308,5.7889958945842e-309,1.494422707181528e-308
147,5.516020240374505e-309,6.975793249614117e-309,8.24561934720655e-309,7.48249554075518e-309,1.177256231936604e-308,8.541912606367275e-309,1.780353091500335e-308,2.4060866968800456e-308,1.0,1.0762320502193934e-308,5.75242074361217e-309,1.54653302967608e-308
148,5.49855359562351e-309,7.0255731168942e-309,8.225104625187e-309,7.49156770509205e-309,1.1956857428966736e-308,8.500438431772303e-309,1.7326636179267845e-308,2.3588995378329614e-308,1.0,1.07902756260326e-308,5.773316683575535e-309,1.5416833924454256e-308
149,6.99059706786855e-309,8.3106477261651e-309,1.226974521697343e-308,1.092212281130558e-308,1.0297937638096876e-308,1.1123495402105454e-308,1.0,2.376959523159236e-308,1.548274396359782e-308,1.23871724101605e-308,7.127814881188817e-309,2.3137594526537615e-308
150,5.393534219046938e-309,7.02798837442445e-309,8.011476943859983e-309,7.37399940878578e-309,1.210864462573333e-308,8.242847387929983e-309,1.569435867270084e-308,2.1230935532314796e-308,1.0,1.056600479034876e-308,5.742973756357975e-309,1.4677056389570213e-308
151,0.01306165590175286,0.01644776145400887,0.01907502808036582,0.017475098965405243,0.027394383800027938,0.019773897840109717,0.03846993694888826,0.049834152455339134,0.527512717717521,0.024597792921825817,0.013622659886757807,0.033930265977887314
152,0.012955602659163531,0.016319152655629523,0.018932503160767954,0.01734249718166036,0.02718953200122859,0.019624437470666882,0.03824513421729856,0.049585537700547105,0.546224538027042,0.024422316783650522,0.013513776672921729,0.03372425994330963
153,7.754187352386714e-309,9.431273904123095e-309,1.366569507393932e-308,1.035630629775187e-308,1.761447526856224e-308,1.471208836180398e-308,3.436746118791462e-308,1.0,2.229501332491057e-308,2.0239626797924496e-308,7.742598405102745e-309,4.1172845000066015e-308
154,0.008869061378425826,0.011776401398929454,0.013209480675237258,0.012282829712693061,0.020336220388710063,0.01350614406614977,0.025212259517772805,0.03375188202955116,0.48039528191803205,0.017485907200383972,0.009566283012534604,0.024222007396064463
155,0.014400294328902554,0.01799704445721376,0.02681851787645177,0.019863798055816926,0.033434854960738655,0.028375661513094164,0.06175730570282264,0.3189410170539045,0.035515556601232665,0.041483319859016377,0.014627184889998975,0.09841872056183007
156,7.72308479110465e-309,9.22507014014319e-309,1.3310954817586725e-308,1.0018166527347895e-308,1.761205376244669e-308,1.456062878929198e-308,3.1702235072675454e-308,1.0,2.270471593286249e-308,1.966305856526264e-308,7.613993722873504e-309,3.6603431505062915e-308
157,0.010096542956357247,0.013514819888665444,0.01508291455763456,0.01404231880197282,0.023532413567904375,0.015394649786728814,0.028457443617964918,0.03833780807226383,0.3818285694491108,0.020062204202715463,0.010943930624543196,0.027751980954384022
158,0.012089235196692341,0.008934468090969703,0.018332409206698853,0.010623505719234665,0.011261375353500237,0.026931627998066292,0.017303993646747198,0.017400612720647017,0.010717193493784897,0.01763418258880853,0.008544005864163519,0.01669710928980845
159,0.36676176926067183,0.04415588576730293,0.06479185298308754,0.040290705737164915,0.03676538684101402,0.061748396609358096,0.030631497717254007,0.03280140387261432,0.02335652607250722,0.04962065777649202,0.053376688512714,0.03543420982043801
160,1.273420950398821e-308,1.7641306612866183e-308,3.0954238670888816e-308,1.5886306366577537e-308,3.705728437899323e-308,3.420703197322682e-308,1.648066311971973e-308,2.3530708602702226e-308,1.131232811165439e-308,1.0,1.402684968347435e-308,3.127436338801898e-308
161,0.01612263074051866,0.024931602036677037,0.03246692197516042,0.02035587167564989,0.09389335152977409,0.03478393418035077,0.021253831090150128,0.03197698851357657,0.01596297722923286,0.11741766708010881,0.018933121703109564,0.038771126323814416
162,0.00966161697249602,0.01179160940871085,0.01641251194064975,0.012899106956990565,0.021976635885032077,0.01759116205635592,0.043599278482662145,0.6514294057529092,0.034061824365847,0.023681321218645652,0.009687133214677714,0.04538081552935946
163,0.03125840162899651,0.26528882766528894,0.06457106132810299,0.11727257617127167,0.04215412845269776,0.04034568157214729,0.03169685265032036,0.0320712266064101,0.02181063600509292,0.05018341188179433,0.10207027842407698,0.04380346726916375
164,0.021363084541229177,0.039595414517622336,0.03957907120939712,0.030046512873914483,0.30127982257718583,0.03903831332139992,0.03148144243400473,0.04615118499117353,0.029245824378827452,0.08621780830146752,0.027557367286960354,0.05632443644624478
165,0.038186934055767154,0.271626379528077,0.07947639328158357,0.1588821718227794,0.05581396424505622,0.050879920924382795,0.04288277598660289,0.04305972439402466,0.02948149075514686,0.06563457855781525,0.10426028901096947,0.05981537743779467
166,0.020648213065428526,0.03741788018274186,0.03844525601855055,0.028839519956039974,0.2827538326363158,0.038217431440789436,0.030701990591274524,0.04556017214700102,0.028376290764959684,0.08652697157184984,0.026313100637414696,0.05549523072246952
167,0.012211296862530117,0.015521504042875995,0.023272423849394323,0.01733468290443109,0.02801713014019794,0.024181530784738305,0.05462411742224938,0.18954072564296787,0.02906481469241134,0.03598066456092443,0.01255424768053324,0.09809317678820267
168,0.02877980848855736,0.07998618496170504,0.09071166190695217,0.12090832934116273,0.03513588031076461,0.04289926358122736,0.028762994558043715,0.029116569539027328,0.019381208352144824,0.05257326079279253,0.06381216007977816,0.042051670113885976
169,0.02202758186684186,0.04257255686073617,0.04112865342650741,0.03168130263194165,0.26042580308996266,0.03983824604333462,0.03217601259395963,0.04613478178441059,0.02969541413408613,0.08668859467446166,0.02907854901380284,0.05759224493855977
170,9.949378788566386e-309,1.0,2.0188882719382536e-308,2.4773297566024997e-308,1.5892275183435953e-308,1.313442299555228e-308,9.92589244877321e-309,1.0585410376139074e-308,7.3478675959696e-309,1.745419860061593e-308,3.088783866440164e-308,1.4299657246469215e-308
171,9.55424658642544e-309,1.0,1.727628720166065e-308,2.6591046439967855e-308,1.115185142799882e-308,1.11632832993434e-308,8.49131838789887e-309,8.584499014646286e-309,6.20734947393112e-309,1.29296250258334e-308,4.2387689076116485e-308,1.117142698262897e-308
172,0.01672919050989771,0.043100608725845285,0.053773180359134774,0.36355908065762715,0.020022423451087446,0.02410465880481703,0.019657148227474462,0.018679839455773836,0.012748404460766367,0.02791621828612782,0.03318896928955048,0.026635725511903352
173,1.7352426984161554e-308,1.963900122629955e-308,1.0,2.240117762622958e-308,1.6102078304508485e-308,3.7145917647384133e-308,1.3226478307291865e-308,1.420491115847378e-308,8.16914543052694e-309,3.636790577562259e-308,1.9672913231556444e-308,1.9090488599136676e-308
174,7.849138846791657e-309,9.533460594158516e-309,1.367826774707792e-308,1.013912791988671e-308,1.941857656501819e-308,1.5009749583225764e-308,2.8430798402092455e-308,1.0,2.192092569533383e-308,2.1235366706915216e-308,7.808648150504044e-309,3.808928862989253e-308
175,0.021629531235923136,0.040573679714927056,0.039485426569752645,0.030446841200063662,0.33111648201258176,0.03892546405666283,0.031852369537139026,0.04648151017113914,0.03003115349251296,0.08288013669623367,0.028057342844688457,0.05605582431420182
176,0.023277941053873815,0.04135163389475898,0.043566554640309514,0.03092187968330701,0.3053525566614302,0.04323517811306146,0.03106263322051439,0.045186043391909556,0.028128537853200776,0.10164631564844144,0.029531638053855516,0.054274849631163455
177,1.7145638107783664e-308,2.0208054133927375e-308,1.0,2.294404512921298e-308,1.613377988130571e-308,3.5214898309959666e-308,1.311460211046087e-308,1.4067429318629836e-308,8.13431146020436e-309,3.5752000307447075e-308,2.024249254322984e-308,1.8999883154695364e-308
178,8.599306821643886e-309,1.424978508352463e-308,1.477424480115716e-308,1.088928453608527e-308,1.0,1.543294682550916e-308,1.198095206174322e-308,1.831601486803282e-308,1.172618487610997e-308,3.1591843268844256e-308,1.041498583113717e-308,1.973943973401331e-308
179,0.22063297356281447,0.03843058377697697,0.07023563314724295,0.035278600493927496,0.03587672021239018,0.0685806683534607,0.02734528545281806,0.030522222328481598,0.020717157015251172,0.05284022665596018,0.0464589783909457,0.033260698907542574
180,0.12169459838640181,0.03733584376296561,0.08026711723800817,0.03468678930912463,0.03680288396470679,0.07679101312276701,0.02673837120782295,0.03041851713429279,0.02003134426743276,0.0587859657527023,0.044829651736000876,0.03372692161764333
181,0.011376005111682734,0.017654695001397873,0.02579419795247553,0.019969817642909986,0.02773664613950251,0.022882401288339106,0.03632283134587713,0.04660657282585927,0.019287073957570542,0.04506998139362258,0.013320504834909586,0.6631107522085885
182,8.55750306218596e-309,1.4438882945567523e-308,1.469993856540279e-308,1.0920131579989194e-308,1.0,1.52347202702241e-308,1.186805216851157e-308,1.7957141396472843e-308,1.16368464547522e-308,3.0890665348300656e-308,1.047420912056788e-308,1.951923876990797e-308
183,0.011400533785010991,0.013847200509092633,0.019492818903389008,0.01457263124963312,0.02896567382711438,0.02146154059101861,0.039496568908782864,0.610696868180305,0.03372188758639477,0.030223982429587216,0.011341786653843968,0.05145012704545009
184,8.332979479179014e-309,1.363887397703047e-308,1.386076869150019e-308,1.0432730359246486e-308,1.0,1.461330860735848e-308,1.1732440932712114e-308,1.804331118361478e-308,1.1950776833383423e-308,2.8101399060356505e-308,1.0009481846676114e-308,1.8737509154112284e-308
185,0.3387218497545887,0.028917623431784435,0.05461510649884514,0.028212820896444977,0.02509303803491986,0.05324691468954154,0.021692873003512764,0.023202002139826948,0.01580875454530749,0.037751722498204784,0.034058137081136565,0.025393523633755914
186,0.032658234316487365,0.04903881896910965,0.3122930512489467,0.05790011661816844,0.03421411797738187,0.05975678526675043,0.027718307137252405,0.0291766949468076,0.017010987589122627,0.06871993648266905,0.04711475444481604,0.04101011124764384
187,0.034101380265050135,0.37248600692592865,0.06925342660827753,0.11827474483792733,0.04522030891132187,0.04336339664758379,0.033589785379641836,0.034098028437197656,0.023258820198165678,0.05341056014903716,0.11934089140015978,0.04618410796992852
188,8.28816763256682e-309,1.3585748131019546e-308,1.3614467242978134e-308,1.0286768575077545e-308,1.0,1.434115685676287e-308,1.1448132947552487e-308,1.7434575125445505e-308,1.17539155232335e-308,2.695079066922413e-308,9.97226064996596e-309,1.801781648954561e-308
189,0.7099754449335958,0.011265009107574437,0.018282505206364028,0.010522522877256368,0.010211757268019357,0.01848120640431272,0.008395048980028352,0.009141589352211115,0.006386221076545963,0.0142207914550717,0.01340138416861458,0.009769713899906702
190,0.028949155310236695,0.0982314542076823,0.07752021921978924,0.13468107288368447,0.034528804664178445,0.04022237228553936,0.027957516596347553,0.028171652854928994,0.01927497517927183,0.04823602470882937,0.07623536919308292,0.03965401376315916
191,8.29545252630592e-309,1.3298255009217284e-308,1.370222611723191e-308,1.0300441592691594e-308,1.0,1.4592361983581715e-308,1.1833414514107405e-308,1.8463430081119684e-308,1.217402399168301e-308,2.785881333209838e-308,9.838640567909757e-309,1.8792271572842687e-308
192,9.61000476757143e-309,1.0,1.8661389949874993e-308,2.2154168223801263e-308,1.622861110736161e-308,1.2625034416535886e-308,9.714359296918307e-309,1.0473894103970686e-308,7.35076515079365e-309,1.695654365901353e-308,2.7954137202634843e-308,1.3959722137354243e-308
193,0.01176424360749749,0.014717662947530408,0.020487374993215134,0.015183065890132675,0.03312828126125573,0.022409724737795605,0.03715340743913413,0.24228688488337832,0.0324038860116391,0.033587892762038093,0.011916293127899057,0.05522176344888357
194,0.016028303318542568,0.019534123763725496,0.7876639340200267,0.03108595316436267,0.014248040277956045,0.028426355177898283,0.015074031449736507,0.014620562822085887,0.008756812530736197,0.025512278667191628,0.01929472245392295,0.019754882353815107
195,0.03105447308236397,0.026395588045853666,0.5915241400216228,0.029057165100992828,0.022897847292244488,0.06552381922742202,0.01877205584180893,0.02037335674139512,0.011683524725350437,0.050189841137170906,0.028253651109288423,0.025736094844980698
196,9.46803149198123e-309,1.0,1.729412061483909e-308,2.6456311421364937e-308,1.1469754968092334e-308,1.1213771698435224e-308,8.582000435109204e-309,8.708534798345465e-309,6.30380556753353e-309,1.315989055157977e-308,4.0700834759825733e-308,1.138444376453019e-308
197,0.04537130131412767,0.025731779189920687,0.09355253422060948,0.027814021098432645,0.02923101156034711,0.2449101692370946,0.02441703539469074,0.02745450462189427,0.016424359379145492,0.06657634669429245,0.026831114979212416,0.031300959150520294
198,0.6705310303865382,0.02371243208762257,0.042496188489488704,0.02257335608231603,0.022356483308622957,0.04442582039119907,0.01828750511009354,0.020093055475276917,0.01375041201663725,0.03254470797845469,0.027965143441512526,0.02150457560185339
199,0.026187716481696335,0.018775597589429788,0.06196046095448353,0.01958952852845874,0.024191048224705084,0.5280276851274754,0.0189311318996636,0.022613173946576064,0.01277534614712399,0.06957761355299937,0.018365771141923268,0.025723319751169683
200,1.3788631411124397e-308,1.7954026929605847e-308,1.0,2.8709156828973056e-308,1.369456572424104e-308,2.653066607977888e-308,1.4411643826488586e-308,1.4084850468207727e-308,8.25461166968084e-309,2.5553822812339584e-308,1.708218794517897e-308,1.979801008244352e-308
201,1.0,9.314237935965613e-309,1.583541309849384e-308,8.84113985755448e-309,8.570147706650576e-309,1.63214006383784e-308,7.130881404051774e-309,7.76369547150027e-309,5.37693934016539e-309,1.2190275457059205e-308,1.099301156648911e-308,8.29240581907954e-309
202,1.453135529601759e-308,1.659052768825396e-308,1.0,2.55094595790885e-308,1.312282382167626e-308,2.8286715870830073e-308,1.4104912182664087e-308,1.3760153587404977e-308,8.06759120822709e-309,2.456502877858068e-308,1.6392408451765064e-308,1.862031453168472e-308
203,0.031496783841028164,0.03956742256334264,0.2671198613498021,0.06401120376326068,0.03401705655379751,0.06450491105200278,0.043375765688122236,0.04018230612341244,0.021938711300732255,0.06112460944900053,0.03597629215398649,0.05697326795180774
204,0.010171713563375503,0.013623019539461061,0.015231537337747538,0.014164411319824448,0.023775160859550375,0.015545793231796381,0.02887377986707083,0.03910170338320336,0.4020153950766383,0.02029588412219389,0.011025340464160987,0.028179857701837622
205,0.04170404684536631,0.027382928111220346,0.1157765616628475,0.030862978228138143,0.03005142786337432,0.21945209043569275,0.026345425768396057,0.028951643136781804,0.017147915356121025,0.07103093140952232,0.02815433047378535,0.0342105898527204
206,0.00693436619851853,0.8791360710264283,0.012791462044794673,0.020293848105186356,0.008550456940610088,0.008301735124059325,0.006428429809525989,0.00651056022019552,0.004712922099214279,0.009820566834584224,0.02796995979379799,0.008549621803084828
207,0.03286985599035955,0.03624937924655003,0.3270852458762929,0.03924907972571546,0.03619154251337403,0.0983644354444281,0.028713840318819413,0.03242052235714059,0.01740012315326043,0.10979243185514038,0.03382125950221556,0.043682313883842035
208,0.03191254571355207,0.03531640810611127,0.5254947303863203,0.039223733525354756,0.03381190877380286,0.08981206596519674,0.027609503313882722,0.03064050341584806,0.016799437562127314,0.094593733567597,0.033280297226245405,0.04150513244396138
209,0.03130176359169695,0.01643611949755534,0.053817301088933824,0.016508200106165882,0.017961029284994195,0.07616064711625029,0.013826407328936106,0.015983996508692692,0.008636550376395963,0.03844835739826269,0.01752877212824293,0.01806558394189305
210,1.6869575717752585e-308,1.8255522703383193e-308,1.0,2.136141439654363e-308,1.6544400778154984e-308,4.471330558178314e-308,1.4293315624871084e-308,1.5413010922931693e-308,8.577142119309453e-309,4.1259465530516e-308,1.7597311878111427e-308,2.0861036910565066e-308
211,9.571385904492306e-309,1.0,1.7321479325814236e-308,2.6441896755034665e-308,1.1194769972944784e-308,1.1187034098970156e-308,8.49256946115523e-309,8.594169618408084e-309,6.213323753252266e-309,1.297023699159163e-308,4.2943717809172226e-308,1.1185721902908205e-308
212,0.304287739548529,0.023352855203400375,0.04564349626417974,0.02297095742943931,0.020877151326177668,0.045972235302899685,0.018018140375036386,0.0193741822349674,0.013112963169368086,0.03181021957358596,0.027340794405623384,0.021118899177989273
213,9.959404183137963e-309,1.0,2.018233609525647e-308,2.469557221095433e-308,1.5867406691309733e-308,1.3128894701839274e-308,9.90560365919347e-309,1.0566285720084614e-308,7.334908280926986e-309,1.7421627145957446e-308,3.1082401336128383e-308,1.4260089919454607e-308
214,9.757289065680007e-309,1.0,1.902617023744925e-308,2.299950801310571e-308,1.5609454886478086e-308,1.266203911919401e-308,9.621128251673385e-309,1.029701077850334e-308,7.21430906745497e-309,1.6678056678913244e-308,3.0605973532616593e-308,1.3714913902788895e-308
215,0.02916128188168749,0.09802541984122194,0.07864308939360888,0.13243346284313873,0.03455700028768132,0.04050097268548256,0.0279513738316308,0.0281859641331428,0.019266618290244134,0.04848522157488245,0.07682132329657171,0.039630902807437585
216,0.01775435896605731,0.08299672563940069,0.032251864493607105,0.030810361063488986,0.01743160485209437,0.01943101913713012,0.012483910666883103,0.013085517880575348,0.009865826051311085,0.021930971814501404,0.3337943204599771,0.016647724200602274
217,1.001070855786648e-308,1.0,2.061837264337894e-308,2.5617396938136093e-308,1.591772617296053e-308,1.329067824646877e-308,1.003669132293052e-308,1.067555154315884e-308,7.3881509698096e-309,1.7693262238707025e-308,3.097429257358424e-308,1.4502027437587466e-308
218,0.013121944436559247,0.02096766346747012,0.03243347647393917,0.02073614902573549,0.03718641208590909,0.028555307374866282,0.02541213336662748,0.03521555051231946,0.015347309963431206,0.09719644682633016,0.015598511339463328,0.07483886932512039
219,0.28714111530773195,0.04052472452402603,0.07063536816918047,0.037815461770992556,0.03313269420305632,0.06390770391941697,0.027607144073351315,0.02959016011321809,0.020390593147121314,0.04848826970947223,0.04925264768765935,0.032737144576743316
220,9.634792993856683e-309,1.0,1.856000401115708e-308,2.230803129811409e-308,1.5703525800596127e-308,1.2500152299936906e-308,9.571783555946347e-309,1.027245095529678e-308,7.22348911403212e-309,1.6534324651210377e-308,2.940182249410815e-308,1.363785890250969e-308
221,8.646874118458616e-309,1.30176835592055e-308,1.9257936690112217e-308,1.5343333611512223e-308,1.9564033915528137e-308,1.7174635517337844e-308,3.21516616916117e-308,3.89379682109003e-308,1.534913704801336e-308,3.051257795300115e-308,9.968347075653047e-309,1.0
222,0.020406327638314185,0.021806537259310338,0.03672974536235688,0.01908540650530755,0.04840030827378549,0.0500605829760338,0.020579575213554753,0.030385924504158283,0.014804178343932045,0.10789320085149216,0.018890640411721504,0.031621872826258036
223,0.01649024263348667,0.017591518244552812,0.029108376016634255,0.015328694960021242,0.03885028157572633,0.03859479795766208,0.01655923145176509,0.02452037708100219,0.011786198468872768,0.08011374262599537,0.01524921822574629,0.02530191311112157
224,0.024485911246134546,0.04648456243649747,0.04648172574484111,0.03485514988965113,0.28670126217961406,0.04503484468538856,0.035158873488417466,0.05054724609766911,0.03189095145098362,0.10272741735532719,0.03208521411812533,0.06360592927622019
225,0.21287036589771707,0.040252845478870605,0.07434017129354953,0.036808606031974736,0.037084864870934084,0.07104035049215797,0.02815383553462047,0.03140009121464071,0.021276418263777075,0.054983122571098615,0.048892601186566687,0.03440819242194942
226,8.845070443335213e-309,2.2795178160238047e-308,2.5248163439844083e-308,1.0,1.1058459918993327e-308,1.2518063898160487e-308,1.1620457198564465e-308,1.072715173339036e-308,7.521653333894154e-309,1.4713190590758653e-308,1.6680941443198814e-308,1.5127054143827127e-308
227,8.894819119048653e-309,2.3649364120224814e-308,2.439159521434167e-308,1.0,1.062449275504736e-308,1.2250319440586596e-308,1.1051114267703933e-308,1.023081249561823e-308,7.225882078630887e-309,1.401344358421651e-308,1.7219928888522753e-308,1.4143331546931817e-308
228,0.025284660214456543,0.018443890687500287,0.06704842967611924,0.020536519996866832,0.022734701955072104,0.5022578389963549,0.020474146120795438,0.02336587554023274,0.013074675294635746,0.05998783212472949,0.01800450739269434,0.0269998679512096
229,0.08779861060297578,0.022675049954733097,0.05802906393465497,0.022995344065753983,0.02087651120524084,0.05680472889096998,0.01789769455694493,0.019456958265701475,0.01158569929688947,0.035390828104151936,0.026332394337824302,0.021757811056832797
230,0.08013731458016368,0.030500049118046182,0.0669366404493323,0.02806395081800615,0.03047855747707263,0.06374866264285078,0.0216687703786415,0.024848168490543998,0.01623738988243423,0.049642987369057215,0.036156722154786214,0.027654314216565192
231,0.07890775535496623,0.030309279024599917,0.06646990646317567,0.027863516490960537,0.03029840503107614,0.06325005759287722,0.021509817570782144,0.02467558521823109,0.016122131404792624,0.04935523312971807,0.03591880973372289,0.02746665022848646
232,0.012014086145416521,0.018801605729887254,0.019323985282475527,0.0144891957942873,0.5671521750387589,0.020779882633346895,0.016596726702442298,0.025760839689755767,0.017333389923224918,0.03815813537886561,0.014065527023942224,0.02560205813530046
233,0.1302241611445161,0.03790282920618792,0.0819273622981216,0.03536822744172629,0.03736417045258197,0.07914405382740779,0.027365751941527138,0.031086969776248273,0.02046621764457388,0.05979752413042313,0.045399801629385214,0.03441807479168887
234,0.20250702562271447,0.04089201176113072,0.0771927342423858,0.03742903253196473,0.037641798216545924,0.07306004488371977,0.028478345337642444,0.03179028056229961,0.021462242809103124,0.056408982296386266,0.04968924082706436,0.03495972616689984
235,0.014906938147628298,0.036020528172436714,0.04137742821145512,0.15788716870530442,0.021288090544542886,0.022060274881936685,0.02350725873767729,0.021484060357257403,0.013287982077612245,0.028179197210290986,0.025709830176085097,0.031896035112907103
236,0.014956841263214926,0.021949583370071985,0.02633950127340788,0.018641161628300845,0.17128888472186105,0.029066725829025742,0.023992446716938738,0.04194412022771432,0.02320923973205472,0.06313620840924086,0.016812036626408088,0.041273938246213074
237,0.015532682487617811,0.02275643962640042,0.030685359766545912,0.019695096609808362,0.090286479028729,0.03424699998278735,0.023551239940444148,0.03889628163594887,0.01768680439684601,0.10675906094164372,0.01749018269850685,0.04471612147948572
238,9.616778980189186e-309,1.0,1.7622427786357857e-308,2.692220753097578e-308,1.1374652290414156e-308,1.1325192414242153e-308,8.582960878638204e-309,8.696756610340535e-309,6.27462224381008e-309,1.3191441270750134e-308,4.303083302223058e-308,1.135907239978891e-308
239,0.8870414477838897,0.005890168824703969,0.009660223968102859,0.005518501615308631,0.005315841835165887,0.009743040138201452,0.004389141886229364,0.004771985334342003,0.0033272321671318273,0.007448874898227687,0.007005203172164578,0.005109160315785512
240,1.311285244771718e-308,1.7470890157606086e-308,3.186291335367078e-308,1.5724146258462755e-308,3.5501463557259065e-308,3.6349207660106316e-308,1.6080354561143587e-308,2.275164326699965e-308,1.103932559360157e-308,1.0,1.4125319882438997e-308,2.940118975400402e-308
241,0.017341376984195293,0.69824470798332,0.03398684631206328,0.039965685596171314,0.030724333068043782,0.023164001108666225,0.01801055150425777,0.019518569972380245,0.013673591362995645,0.03176732563707996,0.04743035295305097,0.026172657517775585
242,0.3148837712266135,0.04644293961319829,0.06737958403141357,0.042288627995530556,0.0376849531616593,0.06316074663697115,0.03162005448831233,0.03368306348667414,0.024015735918582644,0.050917162267208216,0.05635554604365529,0.03657041358345313
243,0.005446449830226481,0.005232146279618943,0.005008707681086399,0.004940675120548436,0.00357260047655065,0.004436887491491683,0.003507745561196988,0.003437466710260299,0.00298401722694012,0.004141577181168352,0.005603113116879116,0.0037530563311443136
244,8.501588564429703e-309,1.263617142382131e-308,1.853822402626288e-308,1.5123598905928604e-308,1.876251922719143e-308,1.6648158335030046e-308,3.494772900470572e-308,4.0794946513602997e-308,1.577493247645487e-308,2.8164476822369e-308,9.735974862442077e-309,1.0
245,8.617336419822486e-309,1.2429809431503544e-308,1.869358487752679e-308,1.4548542397556703e-308,1.9426217672883874e-308,1.723905791268886e-308,3.47590163155077e-308,4.528439895609823e-308,1.6027619713631346e-308,2.9514839663769046e-308,9.65956317763728e-309,1.0
246,7.561076755570195e-309,9.112021236569017e-309,1.3838840647092685e-308,1.176667214476298e-308,1.1987582506000517e-308,1.2819672793418196e-308,1.0,3.3660369888369824e-308,1.7250380580062223e-308,1.490412114208706e-308,7.699951673989104e-309,3.144822784079039e-308
247,0.3062362454991185,0.04595529142687109,0.06660041157080533,0.041812124154621974,0.03722746438926991,0.06234371765162153,0.031221312411441486,0.03325630892667953,0.02371263381367289,0.05029383431164039,0.05580125799822022,0.036121260398327824
248,0.3514150479155743,0.04590576933122041,0.06695512867399302,0.04180296034512711,0.037820308860185496,0.06335058191559027,0.03155603012346004,0.033732048579867856,0.024036003601853657,0.05103086631849977,0.05561450616437724,0.03651572914086997
249,0.012648788222065551,0.03443431049935411,0.03825806554901497,0.5468357096673601,0.015199236476345626,0.0179252279157475,0.014862358210428788,0.01410638526442837,0.00972538838523429,0.02080720923091063,0.025726243761011396,0.019975658042316862
250,9.23990536259857e-309,2.506940720823974e-308,2.6824625940708736e-308,1.0,1.1247142904877707e-308,1.2992226797646293e-308,1.131188925407339e-308,1.0612435601420884e-308,7.393163229791713e-309,1.5125254361347014e-308,1.8360846427531945e-308,1.4948770466296065e-308
251,0.25632013813188326,0.0451092222177311,0.06775424012547455,0.0408496633289008,0.03538403603286064,0.06108786000688145,0.02948286329152713,0.03138334147498719,0.02215212342773777,0.048962202313941126,0.05552533162743727,0.03454051569237239
252,0.24538019603841554,0.037398961890389014,0.06719877571242656,0.03442626863121874,0.03493184393102749,0.06638888076885237,0.02688189236231116,0.029935471942646796,0.020393195224925716,0.050996732871974516,0.04509311386310782,0.03248613202056141
253,0.016003177310907647,0.06450106186364554,0.03615222663773488,0.08329355025157202,0.023976837032252476,0.02212726671295286,0.02059840870125864,0.02021498893295508,0.013496820484520444,0.029212153448110335,0.03553688974195607,0.029006179015890546
254,5.55313517030675e-309,7.152808675472797e-309,8.37071009327552e-309,7.62000313300668e-309,1.228603708059371e-308,8.63436570902465e-309,1.770298187617313e-308,2.456101850659646e-308,1.0,1.1059792190563316e-308,5.85672488577511e-309,1.5951211427644446e-308
255,1.625679556137848e-308,1.847444440238952e-308,1.0,2.2178647513657554e-308,1.6589034693358984e-308,4.216758111862359e-308,1.465900895153851e-308,1.565657420223034e-308,8.688140178024393e-309,4.0916694201955076e-308,1.752064325808232e-308,2.1613139564901645e-308
256,0.013181840921225743,0.018405172313089992,0.0239620355739215,0.016600585723280718,0.07583605190537915,0.025770372584327933,0.02427929834826753,0.04785590919306526,0.02050388238014534,0.05522017151190833,0.014296679816483153,0.04388794058984724
257,0.013022622058194938,0.016444537029191297,0.02499696515477807,0.0209075996525332,0.02268435808109222,0.023140118290907813,0.4322394302653126,0.07511110679054134,0.029733354169092056,0.02907328177586238,0.013586541548100274,0.07572643251890496
258,7.089613926161224e-309,8.347278732373417e-309,1.267179570504684e-308,1.121233716992145e-308,1.0023739118201913e-308,1.1265305437636265e-308,1.0,2.2134695946699096e-308,1.4052545685398075e-308,1.2282543239151197e-308,7.20985625761943e-309,2.2444033092435144e-308
259,0.01162198891374302,0.008581251258801001,0.017395463485705028,0.010207939668239194,0.010797491955873137,0.025106639526598803,0.01679994050703786,0.01674280887080063,0.010414940288812896,0.0166651151034828,0.008212600928970545,0.015964505126444335
260,8.58753155964982e-309,1.2760692455762964e-308,1.889278472520524e-308,1.5121768066931024e-308,1.9207519761108915e-308,1.6990831022292287e-308,3.3711688719588354e-308,4.0695361650691637e-308,1.562566399917701e-308,2.9398255661407355e-308,9.823005438616823e-309,1.0
261,0.2514922107627272,0.037407832994198705,0.062330956413547994,0.03496403610880332,0.030400566680902207,0.05715442439325298,0.02569708023089682,0.027389425746977225,0.01903097835156166,0.04370734168368642,0.04528311554229933,0.030153155473262774
262,0.031845442876066436,0.2822143265669807,0.06547681024434461,0.11776595085513697,0.042948854940388054,0.0410091331858563,0.032212588493258844,0.03261038993187572,0.022205026987381474,0.0509780405829745,0.10474595224666079,0.044475281038049486
263,1.370554522211261e-308,1.783096863562122e-308,1.0,2.8538340392692047e-308,1.372805717787275e-308,2.662295075156852e-308,1.4583380810259524e-308,1.4226203527586106e-308,8.30853114277186e-309,2.5661280049647146e-308,1.687623616060056e-308,2.0047037670386626e-308
264,0.3598808687549774,0.04491487991550075,0.0657313623629954,0.04097224836180708,0.03724115410999213,0.062490459479814756,0.03107417450893463,0.03324292588269868,0.02368134854572118,0.05025146613167812,0.05431822663654706,0.03593586627995167
265,0.010273593299581791,0.0377186428411234,0.016156321940143745,0.015391847405006652,0.009356177006939437,0.01042450270954441,0.006762595865500996,0.007084006661186117,0.0054244327691560425,0.011439807818513935,0.7957716342768005,0.008792124263818783
266,1.739800170289204e-308,1.1955397576694294e-308,4.0397114451291467e-308,1.30492622698384e-308,1.4935970713486117e-308,1.0,1.301049246709187e-308,1.503994000345259e-308,8.48962185757057e-309,3.8623521036689097e-308,1.1776257218175833e-308,1.701410895550314e-308
267,0.024969465828596608,0.029949665084050316,0.05409648616358669,0.027727437521503848,0.06887375851331694,0.07155391351478514,0.03259487779409287,0.05021648120319002,0.022722175605507784,0.37243353744341967,0.024808728215294097,0.05700030676546162
268,0.015507694078862445,0.02272717533308431,0.03066011279956564,0.019683897034766574,0.08987181412481288,0.03418520385465443,0.023567734281634434,0.0389512463730583,0.01769036573742532,0.10651741140356517,0.01746430934402179,0.04482029655127346
269,8.709849325914805e-309,1.2978219460537286e-308,1.9425913597242717e-308,1.515713618223872e-308,1.9886961263906695e-308,1.747394509270329e-308,3.187078761401579e-308,3.993671319203449e-308,1.53686093242592e-308,3.1398039731931507e-308,9.967149689442573e-309,1.0
270,0.012479811740898674,0.015667590133727257,0.023369087741696836,0.017527828279039363,0.028161848976994537,0.024453206986267552,0.05829308812880323,0.27490955131393485,0.030951943356915073,0.03539333613024738,0.012731435202370717,0.0904037936726387
271,7.02136707732517e-309,8.319650227105743e-309,1.230640278248282e-308,1.0903836234395955e-308,1.03625439976921e-308,1.120780570219645e-308,1.0,2.419037578273401e-308,1.561437250388401e-308,1.2476039315114336e-308,7.137354841003065e-309,2.3323706087892537e-308
272,0.003708956458790363,0.004503535407217534,0.006795203983787828,0.005760224628708018,0.006042648735029578,0.006345559667271145,0.8948341608902116,0.01797668320160557,0.008743874825626403,0.007506578291785022,0.0037871369949357553,0.01636442935956371
273,7.50727432619867e-309,9.097538272345654e-309,1.3654206513958633e-308,1.168028230287592e-308,1.207160539736096e-308,1.269157140324833e-308,1.0,3.441438930140039e-308,1.7800751289872223e-308,1.4880918796575504e-308,7.668499336325094e-309,3.1655113450993693e-308
274,0.014539715662953638,0.018010950311299477,0.10503323248822755,0.029021283428500792,0.015886252544723475,0.02988158159553082,0.020728852826048104,0.019055841206198836,0.009873441253360538,0.02834532023410722,0.016310559967180824,0.027056295418912222
275,0.06259264668211378,0.026107690897302364,0.07365749519780866,0.025444562187216798,0.026917135442105278,0.07786903400756504,0.020317698607528755,0.023226008855713173,0.014668674183157945,0.049991790063109144,0.02949223732686717,0.02607890028838272
276,0.5816057801447404,0.022801790128017467,0.03609061939540479,0.02109050410193513,0.02029920802375262,0.035849184096842804,0.016609461785404962,0.018055688464219243,0.012669285795614525,0.028009860157442477,0.0273004162698674,0.019353182607376982
277,9.364209147169336e-309,1.0,1.7123514711526967e-308,2.689136811874022e-308,1.1458401045697983e-308,1.114511412925634e-308,8.618217650170753e-309,8.72847520159451e-309,6.32736682987828e-309,1.313267937285324e-308,3.834510741356474e-308,1.142954156579286e-308
278,9.27297757243793e-309,2.4860736586775774e-308,2.7238612367675943e-308,1.0,1.1286705597136607e-308,1.308469202191545e-308,1.1375288793995045e-308,1.066924966378981e-308,7.417036647768663e-309,1.52320467640603e-308,1.8323239374404824e-308,1.5054766111347567e-308
279,0.014314553833543422,0.7365327409728673,0.0261286221364964,0.034781569903675716,0.016064268594882462,0.01646212305953053,0.01184691144154697,0.012136373543423848,0.008672229520068625,0.019007443666900926,0.0883478577024952,0.015705305624568653
280,8.767709833673e-309,2.2192017869754485e-308,2.522996046688816e-308,1.0,1.124059529145666e-308,1.2554371802947274e-308,1.1911769892154534e-308,1.0966090218047736e-308,7.674947494656965e-309,1.4974151446174047e-308,1.6275700228189537e-308,1.561010169585639e-308
281,1.800649301405991e-308,1.1432316087728786e-308,3.467664114646267e-308,1.237295983082106e-308,1.4485902585668245e-308,1.0,1.263815887858382e-308,1.467995256237441e-308,8.359663770520176e-309,3.4891198043846717e-308,1.1363009054709893e-308,1.61317505079599e-308
282,1.697658468065949e-308,1.2147925866880634e-308,3.86816642264195e-308,1.2840087685782666e-308,1.595013263225064e-308,1.0,1.2995076772518396e-308,1.5550109782846064e-308,8.669216706379556e-309,4.471671213962414e-308,1.180714961893249e-308,1.7428445975533674e-308
283,0.012949753037955905,0.0095185719564038,0.019893977623467916,0.011309567599690628,0.011987592721661838,0.030135389976208876,0.017990197176541795,0.018284997173219738,0.011161607594243981,0.019191453546434315,0.009109056210076958,0.017748001789300097
284,0.023758518103616164,0.01701028887818962,0.054042254038016616,0.017676820795519646,0.022295657123411777,0.5647917218572741,0.017376272048969594,0.020912035798650423,0.011764909459853123,0.06406023565686349,0.01658663357745741,0.023576235830362797
285,1.765522872516883e-308,1.174149355152825e-308,3.660018960395201e-308,1.2583089144445206e-308,1.5057045567926193e-308,1.0,1.275854875007369e-308,1.4994732082522335e-308,8.47197676629313e-309,3.840472143537733e-308,1.1578643923478543e-308,1.66178003055999e-308
286,1.8254961995890285e-308,1.1717179529467724e-308,3.713574517685703e-308,1.263369119573785e-308,1.466037047158642e-308,1.0,1.252887691328461e-308,1.453902814979225e-308,8.31212460062517e-309,3.6273279244895773e-308,1.167444685788434e-308,1.6179854567647574e-308
287,1.746837604174305e-308,1.1069873643554597e-308,3.095468856873012e-308,1.188937242691893e-308,1.4577747013075756e-308,1.0,1.275477467988803e-308,1.505262757271239e-308,8.491491871468093e-309,3.40734982081962e-308,1.092135134208578e-308,1.61151377492057e-308
288,1.72103370612105e-308,1.10683728786578e-308,3.106577874475625e-308,1.193069983758666e-308,1.4614333946646844e-308,1.0,1.291113677325126e-308,1.5229258094433026e-308,8.55166829734351e-309,3.428024163308949e-308,1.0886590205348723e-308,1.631298664434923e-308
289,0.011984208596939888,0.00887209108469497,0.018153724156636557,0.010546424496532349,0.011195773056655438,0.02660729850444644,0.01725862445686603,0.01734297284170037,0.010683172734237611,0.017487335432513334,0.00848054482079205,0.01660976116444974
290,1.05043130141703e-308,4.157215823988237e-308,1.66780063760113e-308,1.615634189886334e-308,9.78132429348988e-309,1.076896404889524e-308,7.04395598735441e-309,7.378369486648065e-309,5.65776364590442e-309,1.188579689085556e-308,1.0,9.176984372507594e-309
291,0.0037485265194285803,0.004417400595256533,0.0065885659894548395,0.005743143184154193,0.005609582287092396,0.006079147547228646,0.8768021853839968,0.01377955439371076,0.00845577152624237,0.0067961927167653246,0.0037841024146734554,0.012912180432229348
292,0.028887707814110902,0.017182723115602695,0.050555950583943285,0.018962221488208215,0.02116826555476677,0.6877809973453315,0.01938489838810352,0.021968427738864524,0.012704350646897424,0.047247489305591354,0.017299540369957702,0.024003031726508247
293,9.540416372226705e-309,1.0,1.732186433389697e-308,2.6807384660923256e-308,1.121221427770864e-308,1.1188032310469315e-308,8.52622125923486e-309,8.62115026995204e-309,6.23252062911124e-309,1.298595151772958e-308,4.1829074676724845e-308,1.1235521087937984e-308
294,0.34092687907556546,0.03879391243761469,0.057225692413982496,0.03542199893635203,0.03269934072685677,0.0549545790829005,0.02713352535740733,0.029134791170579155,0.020730120225808762,0.04411065048937822,0.046820822253683454,0.03140086845680358
295,1.0494605190672707e-308,4.987670545697698e-308,1.775317046720396e-308,1.751623446102859e-308,1.0156058614593694e-308,1.1144132796463786e-308,7.301166832307963e-309,7.63914899203238e-309,5.824726310775566e-309,1.2462256159128275e-308,1.0,9.614866030888666e-309
296,0.39702191785024066,0.04084410622187822,0.060507310531122814,0.03732631871449318,0.03470432333135621,0.058402987881661275,0.02873348232813283,0.03090461136593269,0.021975153577418038,0.04682032942172303,0.04923496596180098,0.03325947378485894
297,9.52405301300656e-309,1.0,1.720277191194238e-308,2.640303210342116e-308,1.1177030765671347e-308,1.1138566390340083e-308,8.48525176110285e-309,8.5835453591076e-309,6.211804079330365e-309,1.2919069280172597e-308,4.209662862111594e-308,1.117076160523984e-308
298,1.697589460083308e-308,2.0865739455079686e-308,1.0,2.300971980792586e-308,1.648714044753706e-308,3.412214068236064e-308,1.3018698402576273e-308,1.4065163771127646e-308,8.14775531516593e-309,3.6627674788422457e-308,2.0743432790457475e-308,1.9057523021389267e-308
299,0.009094102383333367,0.01369666079098007,0.019832387509821716,0.01700068114624969,0.019204963241694663,0.017092549787964623,0.04287317559974368,0.04262650198897987,0.01789066208297785,0.027132538914222477,0.010546824708787471,0.6855564513822122
300,0.01990959302648788,0.02112571276538918,0.03527909023957667,0.01844734816278262,0.046144579859135726,0.04722740809829902,0.019890212634668464,0.02936614732916745,0.01437785917613283,0.09760132931917709,0.01834715945914108,0.03036569843028538
301,9.786995496581475e-309,1.0,1.9209099349567486e-308,2.551609918726682e-308,1.4524313969683535e-308,1.2524459705073246e-308,9.57602622676859e-309,1.0051629877082615e-308,7.056917078607566e-309,1.6064046665599754e-308,3.3508026574485807e-308,1.345324216945832e-308
302,0.03404178560456093,0.3483184056180761,0.06985411257383681,0.12027270840827083,0.0448019149694524,0.04337942897886335,0.0334232533632775,0.033907913961574436,0.023054234971941496,0.05331825227096291,0.11932947546815051,0.046005470554078366
303,0.5366345121851293,0.021774118021971156,0.04045196650460453,0.021171965461191412,0.019459323432339363,0.040814324817820616,0.016672890130686475,0.01795318495232516,0.01225197901037101,0.028992190289003947,0.02557978389714588,0.019467619085144362
304,0.032452959375408895,0.28821484497747163,0.06636490096686214,0.12573439579017207,0.03806361622431666,0.040279678096458445,0.030285619634301986,0.030292890474811502,0.020448585951742506,0.04687160582662384,0.1175002353901001,0.04059535344719665
305,0.011589853449715444,0.008560952948476154,0.017171010922845165,0.010137066198713518,0.010864435924093583,0.025157917458422083,0.016834514676823557,0.01690207632078687,0.010494961025931558,0.016706549483260544,0.008182667621471714,0.016002592454333504
306,1.0,9.333758447805183e-309,1.631276420836329e-308,8.956317937847917e-309,8.652629451496333e-309,1.7033342739530285e-308,7.273533165710794e-309,7.91005875150426e-309,5.450766416678433e-309,1.2468377294834046e-308,1.0955925845686415e-308,8.446454002153143e-309
307,0.013313878522848833,0.022685886180482763,0.0281988315831774,0.022706064209060108,0.04368109611480686,0.025460501962057434,0.031695145186540735,0.04527491453338385,0.02078121408866593,0.05620728776518689,0.01636548789357924,0.10151348657857157
308,0.03514029772881084,0.05711922107456516,0.2498101548830851,0.08575390944490291,0.037848445060770515,0.062316860228764495,0.03439142519946966,0.03469451789230088,0.020316050435057294,0.06941008890236626,0.05289015139598858,0.050050413589073264
309,0.20712508033246557,0.039363234356516764,0.0609025123089934,0.03576060016175032,0.03081586858702149,0.054360085912022196,0.025636375002250307,0.027310424971220663,0.019168291424143894,0.04321319627532342,0.048527780952959836,0.030175002165925842
310,0.23578168505183802,0.03905215215760566,0.06936618344472027,0.03572233874173497,0.032918001466442054,0.06268458400211288,0.02619973268159545,0.028550695631060694,0.01955481980188735,0.04837298359325131,0.04795723989898143,0.03159708615055144
311,7.87015356875506e-309,9.53048564727382e-309,1.3826809814882646e-308,1.0256443831858353e-308,1.8782574014091847e-308,1.5111080510625717e-308,3.028780088582461e-308,1.0,2.166671790709892e-308,2.1170526589974625e-308,7.81920556155419e-309,3.9780546048400686e-308
312,1.2503361356234786e-308,1.8108331407332015e-308,3.3505038942226823e-308,1.6993010018227834e-308,3.3825174318538573e-308,3.376911204104406e-308,1.7622222398271757e-308,2.4315071819690235e-308,1.153794622672313e-308,1.0,1.417288820503689e-308,3.6245577517544037e-308
313,0.0173833574311218,0.03025848861377545,0.030889798798233815,0.022677523324855783,0.6091457266328553,0.03139639613424934,0.023833254070157062,0.03543547579140729,0.022598938352132756,0.06721654044881531,0.02169564548241296,0.04029538088878514
314,0.009073118442438475,0.014357026416371576,0.014808546923053192,0.01119060952217344,0.7006738237640409,0.015874757861618922,0.013058797308139537,0.020530310110895525,0.013664710803606829,0.029680755360743553,0.010675291836069675,0.020481764840604936
315,8.279787969925647e-309,1.3445257965421336e-308,1.35006322285506e-308,1.0185533337015584e-308,1.0,1.427690478004431e-308,1.135778452648808e-308,1.7310559476769235e-308,1.171181301210837e-308,2.6572364215803592e-308,9.910906653192715e-309,1.774112816482334e-308
316,1.408968210049373e-308,1.741728782444805e-308,3.9736039057886165e-308,1.643714019012968e-308,2.906483745972562e-308,4.519379521882336e-308,1.6096487223768535e-308,2.145865630647001e-308,1.053040660651179e-308,1.0,1.4585957056074675e-308,2.8275335899213543e-308
317,0.007521531638684349,0.009654992065680226,0.011396653669029314,0.01035715110779379,0.016467568851421838,0.011752796701421606,0.024919386376301783,0.034510199872892965,0.6552253901064418,0.015031468969090815,0.007912443288353836,0.022022769395943984
318,0.006463583030830429,0.008128354452002799,0.009641696653143898,0.00875817627661399,0.013565922350045627,0.009990700978465923,0.0211113379664341,0.027967216894365956,0.7734778817621957,0.012508290768329324,0.006719241918818199,0.018005333271455804
319,7.679154200627517e-309,9.31065014679652e-309,1.409828859776819e-308,1.187506131138583e-308,1.2576876992668793e-308,1.322623631653783e-308,1.0,3.8369189322934245e-308,1.8005313678455743e-308,1.5692323925639277e-308,7.825724888140646e-309,3.448216021314266e-308
320,0.02356728411510615,0.10191983595400526,0.05891908432244435,0.09204558959965732,0.02991840227162065,0.032086145382344625,0.022861816901043008,0.023292660582479516,0.01618539575361239,0.03959031275261538,0.06990646615287534,0.032682439711326616
321,0.01909613012979563,0.030433515862962373,0.037531896897673576,0.02465980023894768,0.14175317629135412,0.038867342544911115,0.026382619117221034,0.040042356055938345,0.022786320279000353,0.11672036284966106,0.022751417773559355,0.04852219351932212
322,0.017505921043784744,0.057692585255172554,0.027216479402322146,0.02515862921465005,0.015497369954733782,0.017533493921231488,0.01121503097999388,0.011764107570817264,0.008983971781585574,0.019111716421656266,0.4920193955918471,0.014559469696251858
323,1.7980764919698335e-308,1.107014257806109e-308,3.2122653660305997e-308,1.2087870010495324e-308,1.402405382164916e-308,1.0,1.264318578853748e-308,1.457061079184913e-308,8.32169939732054e-309,3.2121631013571335e-308,1.103336203703747e-308,1.580761348777811e-308
324,1.472122508194659e-308,1.8018440402346237e-308,1.0,2.5693199380504974e-308,1.433965525614437e-308,3.071258440249385e-308,1.4213720769928533e-308,1.43066273238296e-308,8.295673132626654e-309,2.8939441580656557e-308,1.73283576477787e-308,1.9954082412131023e-308
325,1.0,9.158910413837387e-309,1.5229364523153903e-308,8.635188578122803e-309,8.510514645122347e-309,1.5761219812395467e-308,7.00885212575389e-309,7.6594028782004e-309,5.32565804387635e-309,1.1947033204200404e-308,1.081986252396935e-308,8.14910543265334e-309
326,1.7425670802263497e-308,1.089214198804351e-308,2.9652792596024037e-308,1.1704377912530215e-308,1.4428669752690424e-308,1.0,1.2726030243081023e-308,1.5023318041390556e-308,8.483600049457333e-309,3.2860745061106613e-308,1.0752905167864747e-308,1.593393479202484e-308
327,0.0052729597659011045,0.00622672152074476,0.00949082574272552,0.008404524219867102,0.007438024100086354,0.008386503719301107,0.8247036497553439,0.016337092964195003,0.010313615975521578,0.009144882855848923,0.0053763885401183365,0.016757182551441884
328,0.003077277455928528,0.0036255834065443554,0.005520197131322326,0.0048821487599792525,0.004342164747648177,0.004893818372305388,0.9006162911311338,0.009565430490527905,0.006046573358996861,0.005332448689409299,0.0031317652723372243,0.009751860157796851
329,0.012538387879931343,0.014959565588471694,0.022948879437728994,0.020344088894010643,0.017785212193500065,0.020059727849375163,0.6334865161986346,0.03912805168465655,0.024269613782825567,0.022012980810722272,0.012875851815576912,0.04104474045562369
330,6.986179549468364e-309,8.291156528644326e-309,1.227725084310627e-308,1.093556117390079e-308,1.020852853813477e-308,1.109306710397932e-308,1.0,2.3291026063119156e-308,1.5189664506169804e-308,1.2302566528508715e-308,7.12142098247385e-309,2.283828183138126e-308
331,0.022899111904949736,0.021378565799532307,0.06642488590423308,0.021492093255618527,0.030419792928438036,0.12553465021684718,0.021225816631342515,0.02675504448253017,0.014418637476818888,0.15333345335544385,0.019570087368313213,0.032093814229385884
332,0.014079317251511654,0.009004022218118891,0.02469472030291748,0.009635970081261245,0.01203113020519149,0.8175979539794018,0.010484578666144023,0.012464252008681296,0.0069980994289815844,0.0280549081782879,0.0088503659892948,0.013250285768093756
333,0.025880360559495958,0.01679339909420618,0.054742451531170876,0.017922110773692115,0.02087646640976793,0.7016965454155875,0.01729113516506275,0.02014282875662253,0.01156393405384619,0.05310505936732928,0.016764945392498218,0.022628262581754603
334,0.024643294822594128,0.018948777104919528,0.06282964871979141,0.019933666187572637,0.025131677846632245,0.5647965492371185,0.020035086158060385,0.024175434980981805,0.013327828028069285,0.07796254002200156,0.018167081723697208,0.02764095223769894
335,0.027417156807838575,0.028288415490618498,0.08155011324247234,0.02795924305179455,0.042523733947711764,0.12034279912657829,0.027471138817637464,0.03528094271824997,0.01752556823692213,0.3485068213296909,0.025169190433605746,0.04364712632881762
336,0.035739911797519154,0.03788229537396505,0.44869734196858757,0.04850147110983295,0.033228668013285036,0.08966254121985136,0.03172557185905022,0.0329095973984413,0.018213676522176234,0.07439965052748536,0.03692752480647045,0.044544260030235136
337,0.03332861863181437,0.40435958094359536,0.06588648335361783,0.1182468163320895,0.038768868559073764,0.040641758402676996,0.030685365311380986,0.030747277819114963,0.021770566559099355,0.04713293715113938,0.12755045022316353,0.04088127671323371
338,1.434163176644776e-308,1.81362043646898e-308,1.0,2.6239871778205205e-308,1.4502743877182186e-308,3.0126887146690703e-308,1.4554814956465335e-308,1.4603291131917215e-308,8.421314592364797e-309,2.9247943189605634e-308,1.712947543759574e-308,2.0643285714019874e-308
339,0.03395734367702528,0.38793651961046544,0.06824212114625802,0.10982773352325452,0.04535101843735903,0.04297084723773592,0.03309076181051488,0.03375625520179577,0.02359767059448231,0.053034729168489274,0.12266464989071055,0.04557034970190898
340,1.0,9.258290990377374e-309,1.6164131691118303e-308,8.907473857972993e-309,8.604485160562024e-309,1.6963382147107476e-308,7.26411568843033e-309,7.89344903715929e-309,5.44161006732407e-309,1.2389424465379584e-308,1.0844823977283783e-308,8.416623928098543e-309
341,0.20982294523367584,0.040731288943774466,0.07469129722150496,0.03713089688768809,0.03737727343123563,0.07100268475286778,0.028311970466382782,0.03157301112846392,0.021415521361014402,0.055254810765942346,0.049578623999409314,0.03462114106589755
342,0.01685763438797454,0.020764001604561072,0.7737342068527256,0.03329179740821764,0.015212947825158816,0.03014237874873499,0.016083006586117214,0.015605816595991081,0.00932849231620019,0.027329347729213093,0.02045660873078437,0.021193761214321115
343,0.02637213593618314,0.015722169140385732,0.04527198533076118,0.017369273121272708,0.019528826570861683,0.647019967556296,0.01807457613865653,0.020503695293015885,0.011824329974801826,0.04315011110282715,0.015786641896409822,0.022252042055847847
344,0.03402236238958189,0.04063488981884476,0.49533731119806,0.06378015716313648,0.03459806850373435,0.07115741736906588,0.041560260280619286,0.039447601098393875,0.02231809009376402,0.06440003729849436,0.03789049769352064,0.05485330709278448
345,0.019789246103135632,0.017663010788579184,0.7533788671390039,0.0196992004495279,0.014910538099998944,0.04029056735393455,0.012302824017536608,0.013259184448187456,0.007631038883701168,0.03213042643043953,0.018924954417117036,0.016916942746712245
346,0.5758926205488866,0.017257112377210473,0.027572264286509846,0.016038008365063763,0.015432804019543896,0.02754667469676411,0.012683963638828559,0.013782770753903047,0.00965716069465935,0.021377771199064765,0.020603944055262186,0.014760374788648457
347,0.005442137318100466,0.005198601720052583,0.004978176881850005,0.004901959997827862,0.0035566531511255365,0.004418718264163485,0.0034869405568705592,0.0034194414565692477,0.0029682306371057307,0.004122559759101107,0.005574317672149261,0.0037319080353203204
348,0.6793844850966709,0.02624310717412489,0.04658358751432255,0.02488945505081493,0.0247484975949508,0.048570739767292134,0.02014958369916712,0.022162568449337255,0.015190362772523709,0.03584977299041046,0.030998613752898706,0.023708155015342278
349,0.4219954726869176,0.0357728415974848,0.05388399548275631,0.03277678174855636,0.03090078059533568,0.052514805765787737,0.02545010648418438,0.027479465480570932,0.019476513024467738,0.041867623922113746,0.04303572480368953,0.029512426903551017
350,0.011203057562134041,0.0148903638039893,0.021161624438490196,0.0194634827806196,0.007905268466964793,0.012045632948710947,0.0085418904821008,0.008025116004636797,0.0062039665533918245,0.010937905759357677,0.014844559358469681,0.009744258880315805
351,0.013881110197260628,0.07387426249216353,0.028533458171875026,0.05568749494579494,0.021382815240902343,0.018730503177491753,0.016691727402594256,0.016659689270609283,0.011069215665220976,0.024621449528569237,0.034132017057233385,0.023247876637630782
352,0.010374282373356645,0.0139239678639016,0.015512070567439383,0.014456166302447114,0.0242635200147795,0.015820067617242455,0.029198025694601025,0.03932777300031291,0.35698456724077715,0.020651388464715047,0.011263556418739586,0.02857707267950044
353,0.0054643275366461465,0.005228361561657782,0.005007112675594457,0.0049322564400368345,0.0035724383636512474,0.004440151768590335,0.003504197006148474,0.0034355064175075494,0.002981467986981269,0.004142490980374061,0.005604824570301285,0.0037504685212804076
354,8.866510109469514e-309,2.353412760686718e-308,2.425528429988197e-308,1.0,1.060889191912359e-308,1.221133481490359e-308,1.105840143702405e-308,1.022873875806146e-308,7.229550522143004e-309,1.3978014214814624e-308,1.712328232128837e-308,1.4137344016721484e-308
355,0.011616136270622045,0.01525112110065527,0.022417999770663048,0.020066465295448813,0.008165592994255587,0.01257524976445084,0.008836754820873361,0.008304129192153117,0.0063955979071757645,0.011373435316755548,0.015229504669803898,0.010098102748266473
356,0.011242283863851368,0.014876672036084782,0.021280908669545028,0.019491774244168432,0.007928079803096419,0.01210119259028039,0.008580750196537713,0.00805832536138441,0.006227007332048622,0.01097701909098196,0.014829844819974635,0.009782432342433712
357,0.01142287115049448,0.01500985259000816,0.021839520617713694,0.01975180654842684,0.008043051728251642,0.012339049103534923,0.00871996178124277,0.008187407559522379,0.0063158697186173314,0.011169373679886336,0.014969404259298756,0.009944006853889171
358,0.010603025287529634,0.01458116608868344,0.019326303180450307,0.018603159013655217,0.0075230848396727595,0.011242896749559788,0.008038606763885785,0.007569894311197333,0.0058882277167133824,0.010300445114079515,0.014532360623083575,0.009184430126330011
359,0.39973923899082353,0.037053515064051065,0.05533104049470021,0.033912542762651425,0.03194741257735744,0.053901264973209136,0.02633526759072664,0.02841562921428553,0.020178655538375938,0.043116340090687336,0.044570444403846166,0.03050124675255776
360,0.013374623765681878,0.016381751943495435,0.02276117774387048,0.017184992809115507,0.03457836596751629,0.024943075552740893,0.04613466978959538,0.4854067254257662,0.04130542679209052,0.03529805431388978,0.01338394828694668,0.059902814037942294
361,1.324290460996815e-308,1.7585398462880477e-308,1.0,2.933046740163456e-308,1.35784795398754e-308,2.5441463695609397e-308,1.4961507309195135e-308,1.439243632942411e-308,8.393181556605223e-309,2.4781070621174597e-308,1.6420800069562634e-308,2.041693739468103e-308
362,8.487995773703605e-309,1.2588829666838763e-308,1.8459318666426467e-308,1.507608216967487e-308,1.8705506437168213e-308,1.6604404768874075e-308,3.527381046239455e-308,4.113733993240315e-308,1.583710458403774e-308,2.7968635499794517e-308,9.707753906468883e-309,1.0
363,7.67221664433786e-309,9.358377610213124e-309,1.4143980423238824e-308,1.1951528596881757e-308,1.2628185196382654e-308,1.3211329142798945e-308,1.0,3.844553968668224e-308,1.8049595499010946e-308,1.5756331111934693e-308,7.85093259440464e-309,3.509483355292865e-308
364,1.7230591056348846e-308,2.073595468559294e-308,1.0,2.299287161687875e-308,1.614915302539459e-308,3.3668745279988845e-308,1.2833535262564426e-308,1.380914800646727e-308,8.044531607781486e-309,3.499832433372346e-308,2.099410126910352e-308,1.8586865148168375e-308
365,0.014878766690042072,0.021585049672132244,0.029199106185158145,0.018798385074483556,0.08531225355293966,0.03214337559691544,0.022936782949917498,0.038534507163045975,0.017298967753415596,0.09655790601763496,0.016638551076432365,0.04346444456979091
366,0.015130444968717181,0.021852766854615673,0.029820113048347942,0.019099356870616292,0.0846951672619658,0.03312928263448622,0.02338224340367163,0.039349503094403236,0.017547345979239803,0.10077988288837125,0.016871070257057395,0.04445338492083553
367,0.012681828917409658,0.01583403281056357,0.021597778713298325,0.016341658850766733,0.03530258207315845,0.023576127747026616,0.04078082692270724,0.2448654095805957,0.038883458905289485,0.03441957569182714,0.012843656267708888,0.05616970318628827
368,0.35660574745441015,0.03481612979882943,0.05707096337743246,0.032016394414770985,0.029380867906178335,0.053639495850713884,0.024038228912675003,0.025974930048265375,0.018071302904020006,0.04165773508181935,0.04233335988656024,0.02836508515145922
369,0.23973908382317713,0.039956416974190244,0.06365373769299106,0.036376683694339065,0.03189451233065669,0.057198549734832585,0.026299256419140982,0.028162004354162776,0.0196675185330036,0.045114664819460505,0.049195460275805646,0.03108544610246689
370,1.0,9.312652484002794e-309,1.536809996212356e-308,8.74612815303398e-309,8.45099444985643e-309,1.558346249297963e-308,6.98357398406006e-309,7.597788677534607e-309,5.29147293989962e-309,1.1867417436849636e-308,1.105650093303283e-308,8.126811919569796e-309
371,1.0,9.595287824543644e-309,1.7475624255199166e-308,9.30124745089902e-309,8.82919699673865e-309,1.8189296801880856e-308,7.498617612426543e-309,8.12825205016691e-309,5.56012572002913e-309,1.299630010407144e-308,1.1237844911742425e-308,8.72970437853307e-309
372,0.011704650275126313,0.008637163056630176,0.01755883232142333,0.01027813750776298,0.01085926281386258,0.02538025314990774,0.016860783648568085,0.01681463604441032,0.010449847659591938,0.016802388515733357,0.008267547239431456,0.016060780660826956
373,1.4263510176686437e-308,1.757814957799247e-308,4.1740024142240973e-308,1.6665456617038177e-308,2.8291623919760506e-308,4.634480911707509e-308,1.599398833638007e-308,2.102797955655562e-308,1.040448645186329e-308,1.0,1.4784648128475816e-308,2.790332164203717e-308
374,0.3691455829309912,0.042386836876281635,0.06243032614855827,0.038694529070357586,0.03551578727404776,0.05972352856371325,0.02952754989667017,0.031664654598365774,0.022533284068732236,0.04794588417686973,0.0511999043769959,0.03416958664857602
375,0.24485264885625876,0.04195707400941283,0.0618695488595927,0.03836458499544809,0.033323366595278396,0.05700497578423178,0.028195957826279653,0.029900554919009795,0.021231743871054136,0.045610714231349395,0.051043585830512626,0.0326811182032815
376,0.02102875162375294,0.020985552002950516,0.0379154239152053,0.018706013622615668,0.0414102280440839,0.05487011859727597,0.019981513105983485,0.0287990182602468,0.014071958065912457,0.10088988521007171,0.018565947179576523,0.03005980932512716
377,0.022542057935688076,0.01743152301109373,0.047691824294706295,0.01735990995901963,0.02535422257716201,0.16116806720344337,0.017498888521271523,0.02209938877504885,0.01100630125907017,0.07834644820578732,0.016602619519432923,0.024455107863992742
378,0.017742331092622465,0.016899485042906878,0.032298704129551804,0.015290887626799064,0.030769527693211153,0.04914587113567539,0.01621141034359988,0.02293320774724324,0.011012813235699668,0.07832299826424693,0.015157300350919521,0.02407844785371278
379,7.396946233591456e-309,8.78353026866543e-309,1.3248597428068473e-308,1.1358219024000576e-308,1.140256136286391e-308,1.230338171781084e-308,1.0,3.0247097370292463e-308,1.686542459232012e-308,1.4001084646402153e-308,7.476558746702855e-309,2.7919933772533055e-308
380,0.021144444946595464,0.03547378358175542,0.04118910699914845,0.02784031186034833,0.18709585785396443,0.04146934064999942,0.028642733719947515,0.04238751447015343,0.02507712610415183,0.11311977065029444,0.02603720664709499,0.0518977005133811
381,0.35174674765685,0.0255014574743566,0.04975043370843838,0.024715551630669696,0.02276801643667511,0.049233021193631356,0.0191802676155215,0.020762176734108965,0.014047214615394881,0.03464806000137571,0.03011458333447766,0.022694132121215693
382,1.05618402426599e-308,4.482751626651497e-308,1.745869445372605e-308,1.676140255121966e-308,1.014227037962431e-308,1.1087660915025403e-308,7.213753676388873e-309,7.578862031225083e-309,5.78414087420578e-309,1.2375427286837186e-308,1.0,9.48839467754333e-309
383,1.276980394073036e-308,1.738802996120944e-308,3.060765529075271e-308,1.5678438966773676e-308,3.707742293647795e-308,3.457333849613834e-308,1.645586012147558e-308,2.367979534022344e-308,1.132953030114228e-308,1.0,1.390051573980815e-308,3.0914090188991225e-308
384,0.015785752286620134,0.03862293537087152,0.04599298474322871,0.2402614119742858,0.021869918324999873,0.023400291723203834,0.023750154100533435,0.021718768609212655,0.015087347967934869,0.029262040432045784,0.027954675847798798,0.0319534230131014
385,0.26117971861679656,0.03880790475547116,0.0653037008088259,0.03628445194737824,0.03146749543835978,0.059548913222799836,0.026566418488199732,0.028322971885979334,0.019644064595799513,0.045444851755920654,0.047023106119606944,0.031238068851770783
386,0.02227882842999597,0.040575244418142434,0.04098463531209045,0.02939366713900904,0.28262545358135327,0.040318925058541594,0.028717606621004442,0.04108973670114119,0.026236734354390286,0.08944087801454514,0.028701876506389966,0.048932303598231766
387,1.012971325165459e-308,1.0,1.875874163486267e-308,2.5988195922438316e-308,1.1553938422514694e-308,1.1788665465243763e-308,8.57285147486615e-309,8.75691974863308e-309,6.25676131750807e-309,1.367051153063513e-308,5.6348957815347e-308,1.1393350518416865e-308
388,0.008613373116196697,0.010398856253067856,0.015138429505260387,0.011603947870058763,0.01860468813337496,0.016206111716564525,0.04291975646651597,0.7323678250906573,0.025034725600726098,0.021716722420188045,0.008573014707490298,0.045266049278085245
389,0.0053847811241738265,0.005184125054977539,0.004959016029775251,0.004897090590024654,0.0035446675656685598,0.004394526103111415,0.0034812165955319797,0.0034111324352256813,0.002963478509095197,0.004104883540559946,0.005547133413325197,0.003723091125271318
390,0.023411691059151217,0.04458733966204413,0.04510418227364219,0.03353252797732694,0.2385968325488326,0.04341649700010673,0.03348062532395569,0.04789472535986785,0.029986096930043525,0.10150421819149691,0.030773585639460328,0.06122916527357344
391,1.393525593180761e-308,1.7593212795740376e-308,1.0,2.877827311045104e-308,1.3165825316485726e-308,2.5632750150899673e-308,1.395985346796633e-308,1.355179492544912e-308,8.03893663909387e-309,2.390998479105287e-308,1.717367092328986e-308,1.8692744677676424e-308
